pickup_datetime,dropoff_datetime,pickup_longitude,pickup_latitude,dropoff_longitude,dropoff_latitude,passenger_count,trip_distance,fare_amount
2025-01-18 04:29:45,2025-01-18 05:08:45,-73.92411,40.605401,-73.875011,40.84122,1,17.55,40.73
2025-01-17 08:32:45,2025-01-17 08:43:45,-73.960015,40.717965,-73.910521,40.71776,2,7.89,25.59
2025-01-03 07:50:29,2025-01-03 08:22:29,-73.986718,40.784804,-74.042904,40.752151,2,9.57,34.6
2025-01-18 23:55:48,2025-01-19 00:19:48,-73.930454,40.633154,-73.82901,40.661319,1,13.84,39.53
2025-01-30 06:14:52,2025-01-30 06:24:52,-73.776711,40.776794,-73.90312,40.608732,3,16.39,36.05
2025-01-27 14:07:02,2025-01-27 14:33:02,-73.862468,40.795685,-73.969709,40.856632,4,5.03,21.85
2025-01-26 04:52:11,2025-01-26 05:19:11,-73.928324,40.780487,-73.991721,40.638521,1,13.45,46.53
2025-01-16 17:50:43,2025-01-16 17:58:43,-73.798288,40.898386,-73.842371,40.761044,2,6.11,25.05
2025-01-03 18:48:58,2025-01-03 19:24:58,-73.901465,40.620218,-73.902454,40.756083,4,11.24,34.25
2025-01-04 00:59:32,2025-01-04 01:44:32,-73.997311,40.803339,-73.917223,40.620988,1,15.66,58.41
2025-01-10 07:51:22,2025-01-10 08:02:22,-73.965527,40.675988,-73.800029,40.672388,3,5.7,22.37
2025-01-11 22:48:37,2025-01-11 23:43:37,-74.040122,40.806786,-73.96615,40.711008,4,14.8,39.11
2025-01-25 04:34:01,2025-01-25 05:09:01,-73.945432,40.858567,-73.939067,40.822198,4,4.83,21.32
2025-01-08 08:45:13,2025-01-08 09:15:13,-73.852539,40.829969,-73.853554,40.753074,2,17.64,44.22
2025-01-29 10:14:22,2025-01-29 10:21:22,-73.840089,40.655507,-73.94893,40.745591,3,12.23,32.19
2025-01-31 12:16:07,2025-01-31 12:52:07,-73.769586,40.610235,-73.802201,40.627841,4,7.01,29.0
2025-01-24 20:44:23,2025-01-24 21:02:23,-74.041857,40.658259,-73.996495,40.833247,1,2.38,7.35
2025-01-07 00:42:45,2025-01-07 00:49:45,-73.986734,40.734169,-74.043906,40.86869,3,18.97,72.32
2025-01-05 07:48:28,2025-01-05 07:56:28,-73.896096,40.664151,-73.933309,40.641064,1,19.88,59.31
2025-01-12 22:09:20,2025-01-12 22:16:20,-73.92931,40.695853,-73.910124,40.653519,3,11.12,33.59
2025-01-18 11:35:43,2025-01-18 12:15:43,-73.91844,40.857757,-73.852699,40.770929,4,2.62,11.62
2025-01-23 08:48:27,2025-01-23 08:56:27,-73.872477,40.624032,-73.919732,40.863246,4,12.74,30.32
2025-01-06 11:06:55,2025-01-06 11:27:55,-73.821828,40.798698,-73.978126,40.756734,2,7.26,24.22
2025-01-07 18:27:25,2025-01-07 18:37:25,-73.780333,40.694,-73.84128,40.771588,2,10.22,26.3
2025-01-17 20:26:59,2025-01-17 21:03:59,-73.967915,40.741602,-73.944084,40.844667,1,5.05,21.81
2025-01-20 04:11:25,2025-01-20 05:00:25,-74.043479,40.678835,-73.938209,40.739307,2,18.92,70.91
2025-01-31 15:06:58,2025-01-31 15:38:58,-73.910358,40.847302,-74.042833,40.837477,2,2.87,13.28
2025-01-26 08:34:47,2025-01-26 09:34:47,-73.854119,40.799408,-73.79498,40.873193,2,14.6,40.0
2025-01-07 11:23:31,2025-01-07 11:45:31,-73.831452,40.625149,-74.024512,40.788217,1,18.15,55.48
2025-01-31 00:19:17,2025-01-31 00:28:17,-73.908399,40.77707,-73.833821,40.607129,3,19.37,43.19
2025-01-16 06:27:10,2025-01-16 07:22:10,-73.76201,40.699742,-74.017131,40.852223,4,19.57,57.43
2025-01-18 23:48:48,2025-01-19 00:39:48,-73.802674,40.843237,-73.985833,40.830603,4,14.29,40.59
2025-01-08 22:08:15,2025-01-08 22:55:15,-73.789209,40.602669,-73.880898,40.813495,2,10.42,42.72
2025-01-16 07:54:16,2025-01-16 08:00:16,-73.879413,40.743081,-73.883225,40.686839,4,6.19,22.06
2025-01-31 22:26:46,2025-01-31 23:22:46,-73.7692,40.679738,-73.860041,40.8061,3,14.69,32.12
2025-01-30 04:22:12,2025-01-30 05:08:12,-74.029361,40.604982,-74.026288,40.72549,4,5.35,21.64
2025-01-30 01:33:02,2025-01-30 02:15:02,-74.005314,40.78817,-73.918567,40.754978,1,12.97,36.44
2025-01-04 16:08:14,2025-01-04 16:46:14,-73.960435,40.718073,-73.845883,40.840721,2,10.47,28.12
2025-01-27 08:05:33,2025-01-27 08:41:33,-73.845463,40.727689,-73.768784,40.81526,4,9.57,28.15
2025-01-27 18:23:32,2025-01-27 18:41:32,-73.795213,40.665757,-74.009001,40.63721,4,12.8,52.22
2025-01-06 17:39:53,2025-01-06 18:17:53,-73.846021,40.681782,-73.762329,40.818042,4,2.27,8.22
2025-01-08 02:27:59,2025-01-08 03:25:59,-73.892266,40.652272,-74.004486,40.714806,3,14.83,57.8
2025-01-23 14:52:11,2025-01-23 15:02:11,-73.992658,40.670983,-73.864001,40.600248,1,5.41,19.87
2025-01-25 18:58:22,2025-01-25 19:51:22,-73.804805,40.674635,-74.019443,40.610589,4,16.66,65.69
2025-01-31 11:55:38,2025-01-31 12:22:38,-73.761124,40.818279,-73.800572,40.874579,2,2.61,10.14
2025-01-20 08:20:23,2025-01-20 08:49:23,-74.018999,40.806502,-73.860373,40.739638,2,13.77,49.79
2025-01-23 10:26:20,2025-01-23 10:42:20,-73.815598,40.878493,-73.830654,40.839087,3,18.7,74.44
2025-01-11 18:17:10,2025-01-11 18:48:10,-73.820478,40.686606,-74.040428,40.867544,4,3.59,16.62
2025-01-05 20:33:43,2025-01-05 20:59:43,-73.872173,40.626237,-73.765251,40.728929,2,3.31,14.7
2025-01-04 11:12:24,2025-01-04 11:38:24,-74.036158,40.722642,-74.018112,40.73693,1,7.5,21.64
2025-01-26 03:19:44,2025-01-26 04:13:44,-73.84523,40.705587,-74.027374,40.87483,3,2.5,12.19
2025-01-17 18:34:12,2025-01-17 19:01:12,-73.841404,40.757042,-73.966568,40.826125,1,5.46,20.95
2025-01-04 02:51:19,2025-01-04 03:04:19,-74.020853,40.76898,-73.755765,40.831466,2,9.9,33.42
2025-01-28 20:31:31,2025-01-28 21:13:31,-73.992171,40.899381,-73.870244,40.88349,1,17.09,52.02
2025-01-08 16:43:09,2025-01-08 16:51:09,-74.03289,40.810598,-73.790603,40.661252,1,11.9,35.19
2025-01-04 20:41:45,2025-01-04 21:00:45,-73.943238,40.674248,-73.791996,40.640902,3,17.61,40.44
2025-01-26 17:03:29,2025-01-26 17:27:29,-73.804895,40.770088,-73.849072,40.700059,1,5.64,23.31
2025-01-12 06:23:58,2025-01-12 07:10:58,-73.87322,40.644777,-73.956314,40.859336,1,4.55,18.07
2025-01-02 02:50:12,2025-01-02 02:56:12,-73.972914,40.798126,-74.016432,40.882479,4,4.54,18.49
2025-01-15 10:12:15,2025-01-15 10:40:15,-73.991138,40.795014,-74.031468,40.852699,2,7.4,18.7
2025-01-12 00:10:17,2025-01-12 00:56:17,-74.030166,40.770257,-74.042776,40.806157,2,19.36,47.2
2025-01-12 18:37:16,2025-01-12 19:23:16,-73.76087,40.871304,-73.961339,40.629221,2,14.73,53.12
2025-01-25 05:07:58,2025-01-25 06:01:58,-73.852298,40.8309,-74.004318,40.812472,4,15.93,64.99
2025-01-26 15:00:13,2025-01-26 15:39:13,-74.044838,40.81104,-74.031096,40.755191,4,15.01,43.75
2025-01-20 03:41:15,2025-01-20 04:09:15,-73.878728,40.843001,-73.993167,40.736689,3,6.53,25.38
2025-01-09 20:06:36,2025-01-09 20:49:36,-73.93424,40.85919,-73.966115,40.640761,4,10.21,41.89
2025-01-08 23:12:05,2025-01-09 00:11:05,-73.941372,40.899984,-73.982071,40.691949,2,5.6,22.07
2025-01-16 09:15:57,2025-01-16 09:54:57,-73.783474,40.825948,-73.803001,40.838237,3,1.72,6.2
2025-01-13 14:14:33,2025-01-13 15:07:33,-73.853576,40.892846,-73.875259,40.891803,1,19.04,76.81
2025-01-24 11:40:02,2025-01-24 12:00:02,-73.918354,40.885167,-73.970435,40.60947,3,16.63,47.28
2025-01-19 11:43:19,2025-01-19 12:25:19,-73.787296,40.607944,-73.826602,40.873454,2,11.03,33.8
2025-01-30 00:23:11,2025-01-30 00:59:11,-73.827344,40.634058,-73.799958,40.613669,2,18.62,50.98
2025-01-24 19:00:06,2025-01-24 19:53:06,-73.927625,40.700343,-73.875253,40.862014,1,7.81,26.41
2025-01-02 15:55:45,2025-01-02 16:31:45,-73.901694,40.680509,-73.974302,40.744119,4,6.01,21.78
2025-01-02 23:17:12,2025-01-02 23:44:12,-73.873942,40.863028,-73.778721,40.782542,2,15.6,58.96
2025-01-08 07:31:16,2025-01-08 08:15:16,-73.83934,40.726009,-73.823069,40.61293,1,8.69,32.11
2025-01-14 07:39:36,2025-01-14 07:59:36,-73.889198,40.66368,-73.848051,40.654997,2,18.91,46.48
2025-01-02 18:39:59,2025-01-02 19:20:59,-73.77822,40.701154,-73.938127,40.734079,1,12.55,40.73
2025-01-11 13:56:18,2025-01-11 14:03:18,-74.008193,40.815336,-73.989837,40.651514,1,15.53,51.24
2025-01-02 02:15:34,2025-01-02 03:14:34,-74.034049,40.677493,-73.879787,40.622027,1,8.5,27.13
2025-01-10 02:35:44,2025-01-10 03:25:44,-73.99368,40.600459,-73.913321,40.722626,2,14.46,57.25
2025-01-03 18:13:19,2025-01-03 18:57:19,-73.932665,40.744795,-73.866526,40.897907,1,15.5,46.15
2025-01-01 09:23:06,2025-01-01 10:16:06,-73.916639,40.792368,-73.945882,40.688282,3,2.07,8.3
2025-01-03 02:10:43,2025-01-03 02:50:43,-73.934686,40.805931,-73.995788,40.757202,2,16.06,59.01
2025-01-14 08:25:10,2025-01-14 08:55:10,-74.049867,40.841081,-73.944111,40.77565,3,19.96,45.88
2025-01-23 15:20:21,2025-01-23 16:02:21,-73.781988,40.806165,-73.931222,40.716915,3,10.1,33.72
2025-01-19 12:24:59,2025-01-19 13:07:59,-73.921834,40.892219,-73.870937,40.868431,2,2.77,13.5
2025-01-20 00:49:58,2025-01-20 01:17:58,-73.823723,40.892416,-73.9323,40.665514,3,10.28,42.91
2025-01-23 09:20:10,2025-01-23 09:32:10,-73.9771,40.723497,-74.000807,40.703812,4,11.11,43.74
2025-01-01 16:02:52,2025-01-01 16:52:52,-74.019569,40.853322,-74.047,40.83625,3,14.77,39.84
2025-01-06 18:37:06,2025-01-06 18:54:06,-73.90498,40.832267,-73.770917,40.748308,2,11.32,45.67
2025-01-31 03:25:45,2025-01-31 04:19:45,-73.863448,40.658401,-73.903034,40.876723,2,1.68,6.54
2025-01-23 07:55:27,2025-01-23 08:16:27,-74.000813,40.650926,-73.988571,40.884749,2,13.38,36.23
2025-01-04 23:32:08,2025-01-05 00:13:08,-74.034005,40.635238,-73.875718,40.639588,1,18.77,61.28
2025-01-16 18:13:24,2025-01-16 19:05:24,-73.77759,40.617235,-73.901391,40.880744,3,18.0,58.77
2025-01-01 17:07:06,2025-01-01 17:23:06,-73.765582,40.756782,-73.960915,40.794324,4,13.2,42.49
2025-01-12 23:42:19,2025-01-13 00:08:19,-73.978596,40.764469,-74.037029,40.812614,1,5.85,24.89
2025-01-20 12:12:30,2025-01-20 13:12:30,-73.965995,40.781013,-73.940933,40.756676,3,4.97,18.51
2025-01-05 01:52:37,2025-01-05 02:31:37,-73.763856,40.850857,-73.864986,40.660136,4,4.27,11.3
2025-01-23 12:49:59,2025-01-23 13:14:59,-73.824466,40.812409,-73.977625,40.731945,1,12.87,39.96
2025-01-12 13:05:27,2025-01-12 14:05:27,-73.900032,40.652867,-73.934899,40.729733,1,13.51,51.53
2025-01-25 02:44:04,2025-01-25 03:38:04,-73.758105,40.706756,-73.929736,40.748542,3,12.18,37.31
2025-01-15 19:00:52,2025-01-15 19:38:52,-74.034312,40.610784,-73.757266,40.872446,2,3.94,13.59
2025-01-28 12:02:19,2025-01-28 12:54:19,-73.889259,40.667436,-74.001904,40.786571,3,8.48,34.12
2025-01-15 01:37:47,2025-01-15 02:16:47,-74.006118,40.823152,-73.968864,40.789538,3,2.89,8.82
2025-01-26 20:15:58,2025-01-26 20:36:58,-74.023886,40.873666,-73.974188,40.644193,3,6.44,22.28
2025-01-20 08:06:00,2025-01-20 08:42:00,-73.804266,40.727818,-73.824903,40.812469,1,13.25,42.9
2025-01-03 00:06:43,2025-01-03 01:06:43,-73.785097,40.652182,-73.866439,40.751696,1,19.34,72.95
2025-01-10 16:24:58,2025-01-10 16:41:58,-73.944385,40.856577,-74.009212,40.791193,4,12.53,32.0
2025-01-17 07:17:19,2025-01-17 08:10:19,-73.87263,40.777875,-73.922613,40.696332,4,8.35,27.13
2025-01-16 18:38:19,2025-01-16 18:48:19,-74.019575,40.79226,-73.838495,40.740098,4,11.75,30.36
2025-01-13 05:53:31,2025-01-13 06:25:31,-74.006295,40.839622,-73.957639,40.784009,1,10.22,35.97
2025-01-27 19:29:15,2025-01-27 20:02:15,-73.779484,40.842958,-73.94768,40.657557,1,11.84,28.72
2025-01-01 15:52:34,2025-01-01 16:16:34,-73.772216,40.617666,-73.792296,40.660385,3,17.43,39.16
2025-01-24 05:15:43,2025-01-24 05:46:43,-73.946462,40.772248,-74.048201,40.763144,2,1.1,5.4
2025-01-12 11:03:32,2025-01-12 11:17:32,-73.846047,40.699436,-73.986522,40.628059,1,16.89,46.79
2025-01-28 11:25:08,2025-01-28 12:12:08,-73.929269,40.755291,-74.049236,40.806423,3,8.22,20.41
2025-01-09 00:29:04,2025-01-09 00:42:04,-73.772083,40.799421,-73.779264,40.668004,3,2.89,13.02
2025-01-01 10:32:01,2025-01-01 10:40:01,-73.932447,40.669326,-73.807112,40.6521,1,13.13,30.47
2025-01-06 11:43:11,2025-01-06 12:09:11,-73.784305,40.811694,-73.935758,40.614156,2,8.6,31.21
2025-01-11 22:42:20,2025-01-11 22:51:20,-73.973743,40.725044,-73.837562,40.846091,3,8.08,32.75
2025-01-26 15:31:56,2025-01-26 16:01:56,-73.920305,40.686124,-74.022834,40.835744,1,2.2,9.84
2025-01-16 06:45:07,2025-01-16 07:18:07,-73.830588,40.824145,-74.023794,40.626556,3,14.34,48.12
2025-01-30 19:32:13,2025-01-30 20:18:13,-73.964601,40.822963,-73.756918,40.726368,3,18.72,49.97
2025-01-15 18:14:07,2025-01-15 18:31:07,-73.859302,40.641762,-74.0244,40.643143,4,10.71,28.08
2025-01-28 03:00:08,2025-01-28 03:20:08,-73.979613,40.753341,-74.046851,40.770031,2,16.09,63.53
2025-01-07 23:07:55,2025-01-07 23:42:55,-73.771961,40.655353,-73.896774,40.851828,2,14.72,35.22
2025-01-24 08:25:55,2025-01-24 08:58:55,-73.905152,40.850122,-73.901526,40.788907,2,15.59,54.85
2025-01-22 23:09:19,2025-01-22 23:16:19,-73.949382,40.666916,-73.755037,40.618492,4,12.89,51.07
2025-01-06 06:52:28,2025-01-06 07:43:28,-73.887737,40.764552,-73.820427,40.810944,1,8.03,33.61
2025-01-01 16:02:01,2025-01-01 16:51:01,-73.911556,40.736813,-73.889139,40.711197,4,13.84,43.26
2025-01-30 10:07:16,2025-01-30 10:30:16,-73.762911,40.660195,-74.032227,40.750928,3,8.0,25.28
2025-01-17 20:54:08,2025-01-17 21:28:08,-74.049112,40.710293,-74.028832,40.733665,3,19.79,42.72
2025-01-11 20:52:19,2025-01-11 21:24:19,-73.853717,40.770804,-73.945077,40.705756,2,12.45,41.54
2025-01-05 22:03:03,2025-01-05 22:16:03,-73.812964,40.839322,-73.833133,40.80923,2,12.1,40.37
2025-01-15 10:43:56,2025-01-15 11:14:56,-74.027361,40.868191,-74.004863,40.625609,2,5.03,16.01
2025-01-22 07:11:58,2025-01-22 07:37:58,-73.947532,40.697596,-73.971198,40.858121,1,3.02,8.73
2025-01-29 21:12:28,2025-01-29 21:42:28,-73.766591,40.819066,-74.044135,40.863974,2,13.05,46.23
2025-01-11 03:02:00,2025-01-11 03:21:00,-73.926818,40.754053,-73.762565,40.711367,2,5.65,19.15
2025-01-29 14:51:47,2025-01-29 15:18:47,-74.018051,40.766098,-73.923716,40.668311,4,19.92,56.39
2025-01-25 06:35:37,2025-01-25 07:14:37,-73.909287,40.81009,-73.997594,40.871313,3,6.81,21.49
2025-01-15 09:03:42,2025-01-15 09:58:42,-73.957844,40.794701,-73.979033,40.62286,1,2.25,8.81
2025-01-17 07:20:49,2025-01-17 08:09:49,-73.971595,40.719557,-74.049547,40.733988,1,9.19,29.22
2025-01-25 04:57:39,2025-01-25 05:10:39,-73.935144,40.644117,-73.910646,40.647333,3,6.88,21.91
2025-01-17 12:37:03,2025-01-17 12:57:03,-73.821804,40.849605,-74.015694,40.874174,4,4.61,13.58
2025-01-30 14:20:07,2025-01-30 15:18:07,-74.023531,40.747612,-73.829413,40.739868,4,11.17,42.28
2025-01-14 07:11:15,2025-01-14 07:24:15,-73.94279,40.752783,-73.876649,40.703919,3,19.5,73.79
2025-01-19 20:19:01,2025-01-19 20:49:01,-73.773084,40.605108,-74.013099,40.664198,1,1.84,9.12
2025-01-29 10:28:26,2025-01-29 11:13:26,-74.04604,40.815392,-73.830206,40.704612,3,8.25,32.32
2025-01-06 21:49:25,2025-01-06 22:49:25,-73.886122,40.780505,-73.8289,40.638285,3,5.1,22.37
2025-01-02 11:12:31,2025-01-02 11:46:31,-74.00918,40.800918,-73.766882,40.683397,3,4.02,15.28
2025-01-04 13:05:27,2025-01-04 13:50:27,-73.893388,40.631159,-73.920262,40.749943,3,16.42,53.71
2025-01-20 22:45:24,2025-01-20 23:33:24,-74.022518,40.897214,-73.815283,40.695254,4,5.67,19.93
2025-01-22 22:49:17,2025-01-22 23:33:17,-73.939794,40.659285,-73.876719,40.794626,2,12.73,40.14
2025-01-19 06:25:04,2025-01-19 07:07:04,-73.955933,40.627963,-73.879486,40.765308,1,10.33,27.81
2025-01-22 12:49:03,2025-01-22 13:39:03,-73.770715,40.616914,-73.899686,40.833669,4,8.21,20.85
2025-01-06 13:47:24,2025-01-06 14:43:24,-73.756641,40.889529,-73.770371,40.747929,2,11.77,32.61
2025-01-14 23:05:16,2025-01-14 23:38:16,-73.836259,40.612325,-74.041524,40.726076,2,15.25,52.13
2025-01-15 15:21:08,2025-01-15 16:20:08,-73.930801,40.87158,-73.775083,40.664314,1,9.49,26.9
2025-01-03 08:00:45,2025-01-03 08:58:45,-73.964413,40.811805,-74.014821,40.743391,3,2.84,11.49
2025-01-05 06:59:47,2025-01-05 07:58:47,-73.853099,40.615278,-73.927604,40.710903,1,6.42,21.98
2025-01-14 11:48:02,2025-01-14 12:17:02,-73.840287,40.644607,-73.867969,40.724045,4,4.78,13.2
2025-01-01 06:17:36,2025-01-01 06:55:36,-74.00604,40.807855,-73.753878,40.840059,2,8.73,25.14
2025-01-13 11:32:46,2025-01-13 12:01:46,-73.776042,40.805931,-74.003228,40.717316,2,6.28,26.23
2025-01-28 00:46:17,2025-01-28 01:46:17,-73.948171,40.621623,-73.943772,40.69211,1,19.79,67.79
2025-01-30 10:29:43,2025-01-30 11:09:43,-73.996645,40.820626,-74.034455,40.791058,1,6.71,20.77
2025-01-02 07:43:53,2025-01-02 08:02:53,-73.908973,40.682262,-73.910669,40.656316,2,14.18,40.52
2025-01-12 21:42:50,2025-01-12 22:02:50,-73.770079,40.866511,-73.96569,40.820645,1,1.89,9.48
2025-01-07 05:46:27,2025-01-07 06:43:27,-74.036125,40.827115,-73.959749,40.838598,1,3.58,13.08
2025-01-05 02:57:02,2025-01-05 03:29:02,-73.872151,40.771446,-74.004593,40.766353,4,18.59,75.07
2025-01-22 20:43:08,2025-01-22 21:06:08,-73.966755,40.643801,-74.011172,40.808156,4,1.49,6.38
2025-01-07 01:55:05,2025-01-07 02:20:05,-73.770476,40.654225,-73.884048,40.747999,1,12.27,50.26
2025-01-12 09:20:19,2025-01-12 10:14:19,-73.826677,40.836859,-73.865767,40.819006,3,19.12,56.32
2025-01-02 02:12:12,2025-01-02 02:19:12,-73.854374,40.897002,-73.994189,40.806829,3,5.92,18.8
2025-01-03 11:13:26,2025-01-03 11:59:26,-73.916387,40.608167,-73.946051,40.705781,3,15.86,64.24
2025-01-06 05:31:02,2025-01-06 06:19:02,-73.960511,40.668327,-73.801721,40.788702,4,18.48,71.67
2025-01-11 15:01:23,2025-01-11 15:20:23,-73.887598,40.618123,-73.851677,40.645003,2,13.22,29.52
2025-01-17 06:44:28,2025-01-17 07:17:28,-74.032868,40.74457,-73.794632,40.72712,2,14.72,47.85
2025-01-13 08:10:23,2025-01-13 08:59:23,-73.804795,40.735526,-73.766019,40.79358,4,15.56,48.24
2025-01-06 00:42:40,2025-01-06 01:30:40,-73.862606,40.703145,-73.93092,40.607283,4,16.38,40.93
2025-01-12 14:31:14,2025-01-12 15:03:14,-74.04291,40.818356,-73.832772,40.717377,1,7.16,24.62
2025-01-08 23:25:07,2025-01-08 23:41:07,-73.910381,40.683225,-73.82606,40.749177,2,3.78,13.13
2025-01-11 02:51:06,2025-01-11 03:46:06,-73.962975,40.812999,-73.88123,40.776319,1,11.19,42.59
2025-01-20 00:08:18,2025-01-20 00:45:18,-73.941422,40.650823,-73.982784,40.848843,4,1.65,7.21
2025-01-25 09:56:00,2025-01-25 10:02:00,-73.948584,40.700286,-73.989389,40.603477,1,8.5,33.79
2025-01-21 00:26:44,2025-01-21 01:25:44,-73.865718,40.752546,-73.844164,40.778215,2,4.93,17.92
2025-01-27 09:59:17,2025-01-27 10:20:17,-74.034142,40.64161,-73.902796,40.727332,2,6.41,22.44
2025-01-08 19:22:43,2025-01-08 19:57:43,-73.957596,40.852713,-73.869465,40.810367,4,19.27,59.74
2025-01-15 21:34:32,2025-01-15 22:09:32,-73.969459,40.853239,-73.753886,40.721313,1,6.78,23.88
2025-01-13 14:44:41,2025-01-13 15:29:41,-73.814659,40.830864,-73.922806,40.737989,1,14.06,48.05
2025-01-26 14:27:32,2025-01-26 15:02:32,-73.983787,40.843257,-74.001432,40.786084,1,6.2,26.22
2025-01-09 16:23:58,2025-01-09 17:21:58,-73.879979,40.853877,-73.805972,40.750222,1,3.47,12.31
2025-01-31 01:16:09,2025-01-31 01:58:09,-73.820769,40.763091,-73.973076,40.809971,1,17.2,52.3
2025-01-15 12:32:45,2025-01-15 13:01:45,-73.849587,40.624502,-73.992197,40.853747,4,16.38,65.43
2025-01-21 08:28:47,2025-01-21 09:01:47,-73.919141,40.893611,-73.910567,40.840606,2,12.46,31.59
2025-01-09 05:21:18,2025-01-09 05:44:18,-73.767634,40.846253,-73.836784,40.897572,4,4.48,15.69
2025-01-11 21:17:42,2025-01-11 21:30:42,-73.806922,40.675057,-73.900936,40.751007,4,9.1,26.12
2025-01-14 08:57:57,2025-01-14 09:33:57,-73.844965,40.72488,-73.797849,40.684366,3,1.89,9.59
2025-01-26 13:48:43,2025-01-26 13:57:43,-73.81434,40.874164,-73.770194,40.627809,1,1.62,6.43
2025-01-07 06:16:00,2025-01-07 06:42:00,-73.813827,40.858174,-73.97794,40.8396,2,16.35,59.07
2025-01-16 19:38:33,2025-01-16 19:48:33,-73.902595,40.715498,-73.803518,40.618449,2,18.07,52.15
2025-01-06 12:53:34,2025-01-06 13:43:34,-73.963782,40.704533,-73.806235,40.853352,1,12.01,39.34
2025-01-06 01:07:17,2025-01-06 01:25:17,-73.801945,40.844726,-74.034297,40.618233,1,7.62,25.01
2025-01-12 13:37:45,2025-01-12 14:30:45,-73.869887,40.864583,-73.947637,40.694586,4,2.84,8.86
2025-01-28 05:37:06,2025-01-28 06:31:06,-74.044892,40.697478,-74.03085,40.67298,2,7.62,18.02
2025-01-03 02:11:01,2025-01-03 02:57:01,-73.798553,40.778176,-73.832314,40.638285,2,17.12,42.78
2025-01-07 02:18:54,2025-01-07 02:59:54,-73.783137,40.642204,-73.87156,40.787513,3,17.63,68.64
2025-01-06 00:59:49,2025-01-06 01:40:49,-73.751849,40.775176,-74.026687,40.732968,4,12.11,32.23
2025-01-22 03:55:50,2025-01-22 04:15:50,-73.88032,40.748049,-73.837002,40.709284,2,13.87,49.37
2025-01-08 00:15:37,2025-01-08 00:30:37,-73.93521,40.737792,-73.948867,40.738529,2,11.16,25.56
2025-01-09 07:59:28,2025-01-09 08:07:28,-73.934779,40.704615,-73.939696,40.745854,3,3.41,14.87
2025-01-12 01:04:22,2025-01-12 01:14:22,-74.013265,40.74967,-73.936124,40.71421,1,4.47,12.91
2025-01-18 10:11:31,2025-01-18 10:50:31,-73.768997,40.6618,-73.953802,40.622336,1,12.57,41.15
2025-01-12 05:40:15,2025-01-12 05:51:15,-73.872978,40.79558,-73.887644,40.614004,2,17.74,58.63
2025-01-14 10:58:14,2025-01-14 11:48:14,-73.816729,40.805251,-73.788713,40.607547,4,15.23,49.61
2025-01-16 05:40:57,2025-01-16 06:39:57,-73.762584,40.867791,-73.806517,40.629568,1,11.57,38.68
2025-01-09 21:20:04,2025-01-09 22:07:04,-73.939259,40.636457,-73.864501,40.723636,3,7.87,20.32
2025-01-13 00:37:58,2025-01-13 01:08:58,-74.041421,40.762184,-73.893614,40.742224,4,15.0,50.67
2025-01-11 23:33:37,2025-01-11 23:49:37,-73.936092,40.695034,-73.77653,40.861793,3,16.34,43.62
2025-01-07 00:52:25,2025-01-07 01:21:25,-73.879198,40.841302,-74.047177,40.751055,2,5.0,15.89
2025-01-21 17:40:43,2025-01-21 17:49:43,-73.947091,40.859078,-73.767639,40.624323,2,4.83,21.3
2025-01-23 16:57:15,2025-01-23 17:40:15,-73.832213,40.883926,-73.780792,40.839557,3,11.22,42.43
2025-01-15 05:04:03,2025-01-15 05:49:03,-74.043773,40.600616,-73.975801,40.76498,3,7.63,31.91
2025-01-13 14:22:31,2025-01-13 14:57:31,-73.837049,40.750362,-73.890007,40.625862,4,15.33,58.46
2025-01-04 08:11:40,2025-01-04 08:19:40,-73.94453,40.882273,-73.969826,40.636768,1,2.48,8.82
2025-01-09 13:22:01,2025-01-09 13:50:01,-73.936614,40.829172,-73.816962,40.805268,4,18.44,58.34
2025-01-08 06:50:51,2025-01-08 07:35:51,-73.76123,40.815696,-73.80588,40.686153,1,6.38,16.53
2025-01-06 19:45:26,2025-01-06 20:45:26,-73.967058,40.828531,-73.994132,40.845089,2,10.21,36.01
2025-01-20 15:22:12,2025-01-20 15:57:12,-74.015335,40.86018,-73.77795,40.77646,3,12.26,33.93
2025-01-28 19:06:47,2025-01-28 19:14:47,-74.000314,40.737162,-74.027039,40.734241,2,16.61,60.82
2025-01-07 19:03:46,2025-01-07 19:44:46,-73.942435,40.817031,-73.920966,40.880607,1,10.91,24.58
2025-01-11 02:21:13,2025-01-11 02:44:13,-73.865856,40.705246,-73.856044,40.840998,2,8.23,34.93
2025-01-08 10:23:23,2025-01-08 11:14:23,-73.900841,40.611097,-73.956644,40.770457,1,15.11,51.01
2025-01-31 21:30:12,2025-01-31 22:11:12,-73.965259,40.696168,-73.879492,40.875595,4,13.79,34.39
2025-01-15 22:20:02,2025-01-15 23:09:02,-73.90559,40.745643,-73.981397,40.877626,4,11.82,37.47
2025-01-04 21:09:21,2025-01-04 21:55:21,-74.000999,40.865235,-73.754906,40.745756,4,11.97,45.04
2025-01-17 23:40:43,2025-01-17 23:46:43,-73.919925,40.784164,-73.754005,40.691238,2,19.16,59.46
2025-01-15 02:49:37,2025-01-15 03:34:37,-73.815856,40.764337,-73.861315,40.705546,3,13.11,44.02
2025-01-13 02:38:19,2025-01-13 02:56:19,-73.860887,40.675374,-73.782761,40.603751,4,11.73,38.34
2025-01-24 10:55:07,2025-01-24 11:05:07,-73.965401,40.712737,-73.928393,40.745379,4,16.52,35.56
2025-01-18 15:03:29,2025-01-18 15:58:29,-73.820049,40.821524,-73.886961,40.892763,3,10.05,36.09
2025-01-22 23:42:31,2025-01-22 23:53:31,-73.783946,40.749887,-74.00262,40.895844,3,1.54,8.59
2025-01-22 00:56:19,2025-01-22 01:09:19,-73.752664,40.808808,-73.788403,40.609471,3,11.29,25.71
2025-01-14 09:44:14,2025-01-14 10:31:14,-73.877812,40.85876,-73.90818,40.632986,2,9.26,33.36
2025-01-19 01:44:33,2025-01-19 02:01:33,-74.048155,40.82268,-73.787306,40.86698,4,14.39,43.87
2025-01-18 07:17:40,2025-01-18 07:45:40,-73.750162,40.704869,-74.026978,40.628719,2,10.1,26.42
2025-01-15 05:23:03,2025-01-15 05:28:03,-73.985462,40.675144,-73.86604,40.71696,2,15.47,53.3
2025-01-17 10:21:14,2025-01-17 10:38:14,-73.847293,40.720195,-73.769429,40.713604,2,10.18,23.64
2025-01-23 11:38:16,2025-01-23 12:23:16,-73.853359,40.712014,-73.890812,40.678888,4,12.26,49.28
2025-01-12 22:31:05,2025-01-12 23:14:05,-73.773117,40.880297,-74.000951,40.645209,3,7.99,24.07
2025-01-04 15:49:26,2025-01-04 15:56:26,-73.785846,40.805337,-73.85768,40.796727,3,14.98,41.4
2025-01-31 00:54:15,2025-01-31 01:02:15,-73.856591,40.743073,-73.908329,40.789856,1,12.76,29.06
2025-01-04 18:18:14,2025-01-04 18:34:14,-73.920688,40.641051,-73.972782,40.76681,2,1.01,5.63
2025-01-25 07:12:06,2025-01-25 07:33:06,-74.007007,40.875334,-73.786861,40.85995,3,17.82,45.34
2025-01-13 17:49:04,2025-01-13 18:15:04,-73.844765,40.88092,-74.045031,40.860366,1,13.26,36.67
2025-01-03 02:29:44,2025-01-03 02:55:44,-73.939906,40.701153,-73.775426,40.664167,1,12.41,35.71
2025-01-17 14:28:41,2025-01-17 15:27:41,-74.040988,40.882217,-73.781373,40.816861,1,15.29,45.72
2025-01-17 13:29:21,2025-01-17 14:21:21,-73.817898,40.812095,-74.037974,40.655701,3,15.3,43.43
2025-01-26 05:21:33,2025-01-26 05:26:33,-73.791992,40.651143,-73.777479,40.746914,1,1.67,8.83
2025-01-15 01:18:17,2025-01-15 01:31:17,-74.022041,40.83994,-73.960952,40.784693,2,1.42,7.61
2025-01-18 04:55:36,2025-01-18 05:19:36,-73.843873,40.767592,-73.804978,40.635353,1,1.5,6.89
2025-01-03 09:59:54,2025-01-03 10:50:54,-74.044729,40.65244,-73.885046,40.842142,4,11.48,46.02
2025-01-16 16:39:34,2025-01-16 17:19:34,-73.808791,40.747755,-74.016881,40.629838,2,7.26,29.79
2025-01-10 08:28:38,2025-01-10 09:14:38,-74.020878,40.719505,-73.859098,40.767713,3,5.58,19.74
2025-01-19 21:30:09,2025-01-19 22:13:09,-74.01499,40.688757,-73.923461,40.727578,4,11.51,40.87
2025-01-03 09:51:04,2025-01-03 10:46:04,-73.88455,40.672301,-73.988916,40.75862,4,11.78,26.89
2025-01-28 03:24:18,2025-01-28 03:49:18,-73.982104,40.677104,-73.993591,40.794363,4,9.01,26.44
2025-01-10 04:22:36,2025-01-10 05:18:36,-73.761001,40.607729,-73.78021,40.636835,2,3.1,14.66
2025-01-17 00:34:37,2025-01-17 01:13:37,-74.047906,40.885451,-73.984102,40.600453,2,16.75,53.37
2025-01-11 05:32:00,2025-01-11 06:21:00,-74.00227,40.762382,-73.929807,40.825965,1,8.54,25.43
2025-01-03 10:00:37,2025-01-03 10:29:37,-74.043445,40.790403,-73.944811,40.601811,4,17.95,46.52
2025-01-17 03:01:57,2025-01-17 03:52:57,-73.824176,40.727855,-73.934171,40.640164,3,4.03,16.47
2025-01-28 16:53:17,2025-01-28 17:06:17,-73.936502,40.710998,-73.750127,40.828484,2,18.02,51.5
2025-01-04 16:42:59,2025-01-04 17:11:59,-73.91327,40.802524,-73.870815,40.86024,4,4.79,13.98
2025-01-20 06:40:11,2025-01-20 07:35:11,-74.046622,40.859152,-73.761493,40.617851,2,19.87,45.67
2025-01-16 13:18:06,2025-01-16 14:04:06,-74.017834,40.606423,-74.041765,40.674498,1,18.31,43.82
2025-01-07 22:59:25,2025-01-07 23:20:25,-73.828336,40.761729,-73.959914,40.752476,1,4.65,12.53
2025-01-11 13:17:37,2025-01-11 13:49:37,-73.996138,40.615893,-74.007977,40.799386,2,7.05,25.44
2025-01-27 11:57:33,2025-01-27 12:47:33,-73.791838,40.627633,-73.841734,40.838294,3,13.39,50.45
2025-01-24 23:31:12,2025-01-25 00:26:12,-73.759347,40.624392,-73.888179,40.872718,4,4.88,19.55
2025-01-18 16:43:47,2025-01-18 17:26:47,-73.862358,40.681448,-73.913379,40.848973,2,12.6,31.48
2025-01-10 09:54:24,2025-01-10 10:11:24,-73.930194,40.672696,-73.786447,40.844947,1,3.0,10.41
2025-01-29 14:20:00,2025-01-29 15:06:00,-73.750168,40.749483,-73.983924,40.811575,1,9.37,32.86
2025-01-17 23:34:58,2025-01-18 00:29:58,-73.892261,40.776374,-73.981904,40.867934,3,12.32,27.91
2025-01-05 18:24:26,2025-01-05 18:35:26,-73.981498,40.771068,-73.925166,40.773701,4,18.86,61.52
2025-01-16 15:21:47,2025-01-16 15:48:47,-74.03707,40.607792,-74.015865,40.701992,2,17.79,48.37
2025-01-10 20:40:21,2025-01-10 21:40:21,-73.780301,40.631695,-73.859265,40.616261,4,19.47,63.06
2025-01-08 09:18:37,2025-01-08 09:49:37,-73.936597,40.647948,-73.934521,40.784221,4,11.85,26.25
2025-01-16 22:12:00,2025-01-16 22:19:00,-73.8337,40.706981,-74.037338,40.800543,3,16.26,44.69
2025-01-20 06:46:08,2025-01-20 07:12:08,-73.963314,40.757216,-73.99369,40.783005,1,12.29,50.37
2025-01-19 11:32:33,2025-01-19 12:17:33,-74.022379,40.673513,-73.823476,40.899693,4,7.71,23.59
2025-01-19 02:37:12,2025-01-19 03:05:12,-73.943619,40.895848,-73.857916,40.746823,4,11.91,34.09
2025-01-25 04:44:39,2025-01-25 04:50:39,-73.982339,40.874908,-73.962847,40.621064,2,13.53,38.95
2025-01-10 23:56:23,2025-01-11 00:27:23,-73.799889,40.891861,-73.751129,40.6596,2,19.39,78.34
2025-01-25 00:16:00,2025-01-25 01:15:00,-73.802975,40.742784,-73.932924,40.825328,4,15.73,49.52
2025-01-24 12:45:31,2025-01-24 13:21:31,-73.88361,40.717723,-73.833669,40.897719,3,1.16,5.3
2025-01-21 14:48:15,2025-01-21 15:12:15,-73.956385,40.753067,-73.991828,40.703795,2,16.54,48.17
2025-01-28 22:27:06,2025-01-28 22:54:06,-73.800623,40.899888,-73.876911,40.775614,1,5.13,17.88
2025-01-17 01:53:47,2025-01-17 02:07:47,-73.979431,40.773017,-73.982907,40.823905,3,11.75,38.71
2025-01-23 05:50:24,2025-01-23 06:49:24,-73.831148,40.819148,-73.822519,40.825763,1,15.71,53.63
2025-01-14 00:01:45,2025-01-14 00:57:45,-73.802982,40.788516,-73.899266,40.688242,2,9.67,33.17
2025-01-15 21:35:46,2025-01-15 22:30:46,-73.960008,40.761391,-73.87257,40.62496,2,3.38,9.32
2025-01-12 09:05:34,2025-01-12 09:26:34,-73.959873,40.802269,-73.827958,40.758196,1,4.64,17.69
2025-01-10 03:22:25,2025-01-10 03:57:25,-74.007307,40.719019,-74.030644,40.812306,2,4.48,18.86
2025-01-31 12:23:06,2025-01-31 12:49:06,-74.034022,40.662972,-73.769536,40.730064,4,19.23,41.59
2025-01-31 13:46:52,2025-01-31 14:32:52,-73.890524,40.765795,-73.948306,40.649647,3,14.67,45.95
2025-01-15 05:57:38,2025-01-15 06:18:38,-73.900329,40.868811,-73.89198,40.679024,3,2.88,10.6
2025-01-22 03:50:07,2025-01-22 04:41:07,-74.031802,40.656556,-73.931619,40.731107,2,1.65,7.11
2025-01-23 14:15:58,2025-01-23 15:04:58,-73.78942,40.660005,-73.785892,40.621331,1,15.97,52.98
2025-01-03 05:08:15,2025-01-03 05:36:15,-73.885095,40.840751,-73.891252,40.764806,2,15.46,51.26
2025-01-15 19:52:24,2025-01-15 20:50:24,-73.767105,40.769706,-73.8518,40.644862,3,5.8,20.41
2025-01-30 04:44:50,2025-01-30 04:56:50,-73.898757,40.696719,-73.826315,40.647054,2,12.59,37.85
2025-01-10 16:40:47,2025-01-10 17:12:47,-73.937577,40.780152,-73.919897,40.747626,1,11.85,33.36
2025-01-21 01:29:01,2025-01-21 01:58:01,-73.766443,40.696714,-73.819838,40.686183,1,1.07,5.94
2025-01-10 13:54:53,2025-01-10 14:07:53,-73.912843,40.647974,-73.836418,40.654245,4,6.73,26.33
2025-01-29 15:08:18,2025-01-29 15:18:18,-74.043821,40.750338,-73.831796,40.67519,2,13.58,48.79
2025-01-20 11:57:13,2025-01-20 12:52:13,-73.810744,40.887415,-73.808905,40.716506,1,7.34,19.37
2025-01-31 23:58:54,2025-02-01 00:24:54,-74.02089,40.685568,-73.87999,40.750912,1,18.76,59.0
2025-01-27 06:44:21,2025-01-27 07:13:21,-73.907608,40.870695,-73.99937,40.841622,2,19.73,53.72
2025-01-11 03:37:03,2025-01-11 04:37:03,-73.941892,40.700709,-73.903996,40.693327,3,11.42,32.22
2025-01-30 19:30:14,2025-01-30 19:49:14,-74.021039,40.885565,-73.986071,40.631185,3,19.84,81.64
2025-01-05 17:18:59,2025-01-05 18:18:59,-73.767547,40.780378,-73.790978,40.696549,4,3.12,11.53
2025-01-23 05:50:20,2025-01-23 06:42:20,-73.802912,40.85986,-73.964606,40.790595,3,9.83,25.95
2025-01-08 05:14:03,2025-01-08 05:22:03,-73.976611,40.746053,-73.813794,40.889455,3,4.13,15.44
2025-01-20 15:11:04,2025-01-20 16:02:04,-74.028023,40.683067,-73.974719,40.780374,2,4.32,14.92
2025-01-18 17:50:58,2025-01-18 18:29:58,-73.817583,40.639022,-73.825123,40.81264,3,17.4,45.34
2025-01-07 04:15:07,2025-01-07 05:14:07,-73.91433,40.784928,-74.018714,40.713243,4,16.36,39.32
2025-01-16 13:38:42,2025-01-16 14:32:42,-73.850564,40.73764,-73.816328,40.810401,3,5.86,17.75
2025-01-08 18:10:18,2025-01-08 18:38:18,-73.915709,40.686184,-73.861007,40.806848,1,16.43,35.37
2025-01-08 14:00:47,2025-01-08 14:19:47,-73.805074,40.723053,-73.767959,40.638682,1,14.6,54.5
2025-01-02 19:30:33,2025-01-02 20:22:33,-73.884131,40.656497,-73.793089,40.839921,4,12.13,39.03
2025-01-12 06:14:08,2025-01-12 07:09:08,-73.951884,40.638923,-73.974048,40.707268,1,2.37,9.22
2025-01-27 10:56:09,2025-01-27 11:31:09,-73.803828,40.833419,-73.938511,40.768898,3,7.76,18.85
2025-01-20 00:34:43,2025-01-20 01:01:43,-73.803289,40.864832,-73.904853,40.885467,2,6.66,18.73
2025-01-16 09:25:41,2025-01-16 10:03:41,-74.023849,40.776201,-73.921613,40.651308,2,13.22,48.67
2025-01-18 12:28:46,2025-01-18 12:51:46,-73.994031,40.878198,-74.00013,40.712786,3,1.8,9.1
2025-01-29 16:26:25,2025-01-29 17:01:25,-73.830763,40.806229,-73.824578,40.880509,4,7.9,18.65
2025-01-16 05:21:33,2025-01-16 05:44:33,-73.906092,40.864454,-73.975749,40.664431,4,2.06,9.78
2025-01-15 08:47:17,2025-01-15 09:23:17,-73.881065,40.784858,-73.790208,40.829426,3,18.5,49.13
2025-01-29 04:58:32,2025-01-29 05:34:32,-73.920961,40.862321,-73.919525,40.734044,1,11.47,31.38
2025-01-23 22:22:18,2025-01-23 22:35:18,-73.984847,40.656841,-73.917576,40.77408,2,5.08,14.25
2025-01-01 04:32:01,2025-01-01 04:42:01,-73.820924,40.757101,-74.011292,40.792745,2,14.71,60.2
2025-01-08 11:31:28,2025-01-08 11:47:28,-73.965012,40.697576,-73.752235,40.820403,3,8.27,23.21
2025-01-04 11:50:00,2025-01-04 12:05:00,-74.010934,40.845389,-74.042106,40.72126,1,9.01,29.36
2025-01-13 13:17:18,2025-01-13 14:13:18,-73.86891,40.654762,-73.82376,40.62945,1,3.51,10.01
2025-01-08 07:53:46,2025-01-08 08:00:46,-73.82431,40.816825,-73.901108,40.813803,3,2.22,7.02
2025-01-15 21:49:27,2025-01-15 22:41:27,-73.890115,40.859227,-74.044322,40.766833,4,4.47,15.02
2025-01-16 06:55:01,2025-01-16 07:23:01,-74.035825,40.788226,-73.850517,40.83963,2,19.31,78.86
2025-01-09 15:59:47,2025-01-09 16:47:47,-73.980513,40.67592,-73.955379,40.761722,2,17.47,61.49
2025-01-30 18:43:02,2025-01-30 18:49:02,-73.918989,40.867534,-73.999309,40.675678,2,9.64,28.77
2025-01-17 14:42:31,2025-01-17 15:10:31,-74.01709,40.680006,-73.792605,40.690789,3,14.99,58.84
2025-01-16 01:22:14,2025-01-16 01:40:14,-73.864303,40.851729,-73.995599,40.890286,1,8.44,20.2
2025-01-19 16:07:47,2025-01-19 16:32:47,-73.831544,40.731899,-73.817107,40.780459,2,9.71,30.94
2025-01-17 01:04:04,2025-01-17 01:54:04,-73.759736,40.671435,-73.979495,40.738659,4,10.69,25.11
2025-01-21 02:12:42,2025-01-21 02:24:42,-73.856602,40.833334,-74.024142,40.804046,4,16.64,47.32
2025-01-08 07:07:48,2025-01-08 07:59:48,-73.806371,40.808318,-73.850228,40.89747,4,1.51,5.99
2025-01-05 17:03:42,2025-01-05 17:26:42,-73.92475,40.754365,-73.949282,40.67425,2,18.74,64.73
2025-01-03 04:31:36,2025-01-03 05:23:36,-73.800526,40.858996,-73.863164,40.895008,2,10.22,23.99
2025-01-17 13:48:15,2025-01-17 14:42:15,-73.971222,40.802236,-73.751606,40.673074,2,13.06,42.26
2025-01-26 07:25:17,2025-01-26 07:38:17,-73.993289,40.804745,-73.772895,40.734446,1,5.19,22.49
2025-01-27 10:49:22,2025-01-27 11:11:22,-73.765023,40.835877,-73.926036,40.689292,1,16.39,47.13
2025-01-11 18:10:11,2025-01-11 18:49:11,-73.912533,40.619119,-73.863716,40.71606,4,6.75,22.09
2025-01-23 07:36:29,2025-01-23 08:21:29,-73.832326,40.837197,-73.865795,40.764583,1,9.85,39.75
2025-01-29 18:47:55,2025-01-29 19:30:55,-73.916681,40.865001,-73.833284,40.83138,2,19.32,50.14
2025-01-18 19:25:39,2025-01-18 19:52:39,-73.922495,40.684279,-73.875614,40.743441,3,15.49,60.81
2025-01-14 18:32:54,2025-01-14 19:04:54,-73.805353,40.676333,-73.834788,40.685856,4,9.16,21.4
2025-01-10 13:48:09,2025-01-10 14:07:09,-73.934479,40.877968,-73.812096,40.647928,1,10.64,38.36
2025-01-16 22:09:28,2025-01-16 22:36:28,-73.773253,40.824956,-73.908585,40.88775,1,13.65,32.26
2025-01-08 05:04:06,2025-01-08 05:23:06,-74.020387,40.686873,-74.033051,40.796648,1,16.9,54.59
2025-01-05 12:34:35,2025-01-05 13:27:35,-73.764906,40.685575,-73.811636,40.77121,1,19.0,58.59
2025-01-19 18:58:14,2025-01-19 19:15:14,-73.777303,40.789496,-73.750429,40.685621,1,12.2,29.26
2025-01-16 03:21:44,2025-01-16 03:45:44,-73.84894,40.667118,-73.804396,40.866536,4,17.56,63.33
2025-01-27 17:03:54,2025-01-27 17:20:54,-73.847874,40.770545,-74.029297,40.60232,4,6.85,29.04
2025-01-30 10:24:29,2025-01-30 10:34:29,-73.914018,40.624249,-73.971449,40.76122,3,9.98,25.45
2025-01-25 19:30:11,2025-01-25 20:00:11,-73.835841,40.767191,-73.893637,40.865072,1,5.69,15.05
2025-01-20 22:11:31,2025-01-20 22:53:31,-73.92915,40.849592,-73.770081,40.617273,3,8.9,24.88
2025-01-21 05:37:56,2025-01-21 06:23:56,-74.008858,40.623824,-73.823712,40.847796,4,7.84,22.82
2025-01-07 21:55:35,2025-01-07 22:31:35,-73.936389,40.66891,-73.876564,40.738639,1,9.85,29.03
2025-01-26 15:20:30,2025-01-26 16:07:30,-73.834376,40.674621,-73.84032,40.802767,1,13.88,41.44
2025-01-16 20:04:56,2025-01-16 20:58:56,-73.925875,40.700297,-73.957211,40.838318,4,14.8,58.15
2025-01-15 13:17:21,2025-01-15 13:28:21,-74.000374,40.660492,-73.766418,40.775505,1,11.31,30.94
2025-01-20 13:50:55,2025-01-20 14:38:55,-73.983245,40.824348,-74.031007,40.685129,1,10.31,38.93
2025-01-28 18:17:09,2025-01-28 19:13:09,-73.880893,40.821765,-73.994718,40.805849,4,12.56,51.36
2025-01-01 14:30:03,2025-01-01 14:49:03,-73.7575,40.685867,-73.987278,40.659869,3,14.04,41.55
2025-01-06 20:29:34,2025-01-06 21:27:34,-73.760718,40.733711,-74.019452,40.60244,4,18.47,64.09
2025-01-29 05:46:15,2025-01-29 06:11:15,-73.901883,40.610928,-74.039273,40.650877,1,12.4,52.04
2025-01-04 07:22:37,2025-01-04 08:16:37,-74.000566,40.609417,-73.830236,40.793444,1,11.34,44.55
2025-01-11 03:53:56,2025-01-11 04:01:56,-73.922318,40.696311,-73.964264,40.748703,2,3.39,15.48
2025-01-07 01:51:30,2025-01-07 02:20:30,-73.862887,40.773965,-74.036516,40.822319,2,9.74,30.91
2025-01-01 06:09:45,2025-01-01 06:31:45,-73.805338,40.641417,-73.952983,40.862875,3,8.11,22.57
2025-01-10 23:45:26,2025-01-11 00:30:26,-73.907709,40.713505,-73.98347,40.719934,2,13.73,31.5
2025-01-30 05:15:46,2025-01-30 05:59:46,-73.895083,40.808428,-73.932735,40.624798,1,8.01,26.93
2025-01-03 18:09:08,2025-01-03 18:25:08,-73.845403,40.770532,-73.8914,40.780713,2,1.54,5.92
2025-01-19 01:01:50,2025-01-19 01:21:50,-73.965103,40.602218,-73.899242,40.715533,3,8.26,31.66
2025-01-31 03:33:00,2025-01-31 04:14:00,-73.94565,40.790699,-73.992786,40.733617,1,13.06,41.98
2025-01-19 08:30:01,2025-01-19 08:37:01,-73.817764,40.646284,-73.892804,40.746965,4,13.69,46.74
2025-01-02 21:02:36,2025-01-02 21:35:36,-73.839195,40.82727,-73.940083,40.642847,3,15.67,34.34
2025-01-03 09:15:20,2025-01-03 09:23:20,-73.851058,40.764243,-73.767239,40.850326,3,14.7,57.95
2025-01-29 14:37:23,2025-01-29 14:44:23,-74.048663,40.799932,-73.914583,40.649171,2,17.28,60.63
2025-01-05 04:53:37,2025-01-05 05:46:37,-73.805674,40.742484,-73.857748,40.740569,4,11.42,38.01
2025-01-18 17:12:30,2025-01-18 17:30:30,-74.023808,40.754932,-74.034013,40.625109,3,5.68,24.15
2025-01-17 02:33:27,2025-01-17 02:53:27,-73.82843,40.711514,-74.033134,40.736335,2,9.52,28.7
2025-01-19 11:11:13,2025-01-19 11:42:13,-73.838612,40.843554,-74.01909,40.731707,3,17.06,56.55
2025-01-12 15:00:11,2025-01-12 15:43:11,-73.894968,40.644626,-73.82025,40.846222,3,3.56,15.44
2025-01-11 00:56:07,2025-01-11 01:02:07,-73.845239,40.64399,-73.937906,40.863925,3,5.55,17.65
2025-01-03 21:24:08,2025-01-03 21:55:08,-73.849684,40.734765,-73.81213,40.612221,2,11.97,29.4
2025-01-24 01:17:14,2025-01-24 01:26:14,-73.878611,40.664895,-73.972881,40.755378,2,13.57,36.97
2025-01-13 12:30:21,2025-01-13 12:44:21,-74.040597,40.629302,-73.76873,40.753838,3,7.78,29.91
2025-01-28 02:30:25,2025-01-28 02:43:25,-73.756426,40.788032,-74.001289,40.62317,3,11.9,35.76
2025-01-17 15:28:58,2025-01-17 15:38:58,-73.826574,40.752792,-73.918816,40.772886,4,3.21,11.98
2025-01-26 04:02:20,2025-01-26 04:43:20,-73.881126,40.761713,-73.759663,40.726329,4,19.04,69.75
2025-01-17 19:53:09,2025-01-17 20:41:09,-73.781895,40.865838,-73.796087,40.83079,3,2.98,10.54
2025-01-31 02:11:50,2025-01-31 02:49:50,-73.768877,40.863033,-74.0165,40.790967,4,7.05,28.34
2025-01-31 23:31:29,2025-02-01 00:16:29,-73.934476,40.664216,-73.906114,40.666164,4,10.42,37.64
2025-01-07 02:38:01,2025-01-07 03:12:01,-73.785412,40.692543,-74.041244,40.656737,2,5.65,15.64
2025-01-24 16:51:09,2025-01-24 17:27:09,-73.782129,40.630565,-73.884698,40.665719,3,1.11,6.77
2025-01-23 11:44:30,2025-01-23 11:51:30,-73.891453,40.7098,-73.7913,40.795464,1,5.68,18.06
2025-01-25 20:26:29,2025-01-25 20:49:29,-73.996364,40.626785,-73.776079,40.617057,4,11.56,30.84
2025-01-21 19:17:38,2025-01-21 19:47:38,-73.913613,40.602462,-74.035694,40.833834,4,15.5,39.66
2025-01-20 12:15:32,2025-01-20 12:45:32,-73.896019,40.898638,-73.890801,40.859133,4,16.33,57.91
2025-01-05 15:17:34,2025-01-05 15:22:34,-73.910443,40.66389,-73.791492,40.697981,2,1.73,6.15
2025-01-18 12:44:40,2025-01-18 13:27:40,-73.987961,40.886207,-73.788129,40.847364,4,10.28,40.87
2025-01-20 19:46:42,2025-01-20 20:25:42,-74.012978,40.86352,-73.799092,40.867155,3,19.87,57.86
2025-01-26 14:25:51,2025-01-26 15:13:51,-73.878883,40.682102,-73.915155,40.820155,2,16.0,45.69
2025-01-02 08:16:33,2025-01-02 08:52:33,-73.751425,40.889048,-73.766218,40.801012,1,4.04,14.11
2025-01-22 01:17:48,2025-01-22 02:15:48,-74.022098,40.610631,-73.842085,40.667486,2,17.78,65.8
2025-01-27 22:59:10,2025-01-27 23:09:10,-73.92526,40.776992,-74.025659,40.692621,3,13.66,47.04
2025-01-06 19:03:24,2025-01-06 19:46:24,-73.956694,40.735659,-73.7684,40.775295,3,6.47,20.5
2025-01-22 06:52:13,2025-01-22 07:10:13,-73.894937,40.858483,-73.926916,40.663777,3,4.96,20.68
2025-01-25 08:10:34,2025-01-25 09:05:34,-73.974668,40.661872,-74.023318,40.69722,3,7.24,31.37
2025-01-02 22:05:18,2025-01-02 22:15:18,-73.872032,40.723379,-73.939086,40.695266,2,12.39,41.98
2025-01-08 06:43:49,2025-01-08 07:39:49,-74.009733,40.810652,-73.91488,40.611332,4,5.87,17.56
2025-01-29 10:10:36,2025-01-29 10:41:36,-73.868614,40.682013,-73.882999,40.621168,4,2.58,10.77
2025-01-21 16:35:44,2025-01-21 17:31:44,-73.867974,40.732991,-73.928285,40.796802,3,1.42,7.18
2025-01-02 23:21:29,2025-01-03 00:13:29,-73.763179,40.706411,-73.781118,40.890522,1,1.98,6.73
2025-01-04 22:05:00,2025-01-04 22:41:00,-73.979653,40.744908,-73.883912,40.816775,4,3.24,10.49
2025-01-10 03:16:57,2025-01-10 03:54:57,-73.829989,40.644899,-73.917253,40.748074,4,11.44,44.43
2025-01-03 16:31:08,2025-01-03 17:25:08,-73.799408,40.825719,-73.876367,40.703312,3,18.84,61.86
2025-01-18 10:17:07,2025-01-18 11:01:07,-73.857211,40.723869,-73.822714,40.658335,4,15.58,63.77
2025-01-21 02:33:14,2025-01-21 03:05:14,-73.832145,40.609294,-73.774425,40.712425,1,17.66,67.08
2025-01-10 18:44:52,2025-01-10 19:17:52,-73.837392,40.890571,-73.86142,40.605465,4,13.28,54.57
2025-01-07 17:42:22,2025-01-07 18:18:22,-73.831791,40.732232,-73.825382,40.854338,4,18.43,46.85
2025-01-19 13:25:59,2025-01-19 13:36:59,-73.943468,40.631886,-73.846568,40.82235,1,19.61,59.96
2025-01-02 15:18:54,2025-01-02 15:51:54,-73.847883,40.79365,-73.815993,40.698225,2,19.37,46.34
2025-01-13 21:00:16,2025-01-13 21:22:16,-73.838385,40.713702,-73.906024,40.871127,4,13.1,44.18
2025-01-13 16:58:30,2025-01-13 17:47:30,-73.930004,40.668041,-73.995145,40.600756,4,13.74,35.74
2025-01-30 07:14:50,2025-01-30 08:09:50,-73.826281,40.892471,-73.817628,40.707266,1,14.29,33.81
2025-01-23 21:17:28,2025-01-23 21:41:28,-73.809994,40.661334,-73.86929,40.641845,2,11.56,40.82
2025-01-22 01:23:01,2025-01-22 02:12:01,-73.947646,40.679161,-73.792144,40.600716,4,10.44,27.16
2025-01-06 23:27:16,2025-01-06 23:36:16,-73.867503,40.632391,-74.005634,40.832644,1,18.17,42.01
2025-01-20 17:09:30,2025-01-20 17:17:30,-73.943825,40.660828,-73.924678,40.689743,1,10.81,24.4
2025-01-11 00:19:40,2025-01-11 00:51:40,-73.780694,40.794356,-74.043331,40.686987,2,3.29,9.17
2025-01-25 03:52:33,2025-01-25 04:39:33,-73.867784,40.889659,-73.789703,40.66817,4,11.39,39.4
2025-01-01 02:39:28,2025-01-01 03:09:28,-73.889388,40.697789,-73.848107,40.867235,4,1.71,6.74
2025-01-20 10:08:39,2025-01-20 11:06:39,-74.007299,40.620338,-74.016522,40.719771,2,10.51,31.44
2025-01-19 18:41:56,2025-01-19 19:09:56,-73.84045,40.813462,-73.831179,40.869854,1,7.91,29.73
2025-01-09 02:48:40,2025-01-09 03:35:40,-73.758827,40.720302,-74.048054,40.618809,3,2.45,11.85
2025-01-17 01:06:20,2025-01-17 01:37:20,-73.788624,40.609635,-73.888554,40.72227,2,7.11,25.38
2025-01-09 11:56:43,2025-01-09 12:47:43,-73.848462,40.706339,-73.773631,40.660505,1,17.18,56.0
2025-01-16 22:16:01,2025-01-16 23:05:01,-73.814856,40.666904,-73.924389,40.806581,4,15.31,41.61
2025-01-27 09:13:53,2025-01-27 10:00:53,-73.830602,40.830159,-74.039819,40.704579,4,10.52,27.78
2025-01-05 16:51:54,2025-01-05 17:11:54,-73.779983,40.67502,-74.04302,40.874147,2,12.74,40.11
2025-01-18 10:25:19,2025-01-18 10:36:19,-73.810767,40.719501,-73.938283,40.771979,1,19.23,48.78
2025-01-26 09:34:48,2025-01-26 09:43:48,-73.945138,40.683686,-73.93716,40.611211,4,4.52,12.17
2025-01-10 09:57:45,2025-01-10 10:07:45,-73.807126,40.648034,-73.907431,40.646144,1,1.67,9.08
2025-01-16 00:28:24,2025-01-16 01:24:24,-73.941259,40.785762,-73.815854,40.634262,4,15.95,41.48
2025-01-13 02:07:49,2025-01-13 02:37:49,-73.95596,40.646215,-73.964471,40.711258,1,6.96,29.91
2025-01-25 20:17:54,2025-01-25 20:39:54,-73.832111,40.791365,-73.94776,40.65151,3,12.2,50.84
2025-01-14 13:26:34,2025-01-14 14:01:34,-73.997241,40.833797,-73.859315,40.716255,4,4.75,15.22
2025-01-09 22:52:24,2025-01-09 23:42:24,-73.875987,40.631356,-73.846511,40.786491,2,16.0,51.84
2025-01-30 08:18:19,2025-01-30 08:57:19,-74.003639,40.810397,-73.949129,40.795811,4,12.13,48.46
2025-01-10 01:37:28,2025-01-10 01:50:28,-73.964752,40.762498,-73.781913,40.888509,2,15.82,41.15
2025-01-12 22:22:54,2025-01-12 22:38:54,-73.923878,40.868993,-73.828302,40.812446,1,8.74,22.64
2025-01-26 08:03:18,2025-01-26 08:29:18,-74.026411,40.754941,-73.882878,40.603319,1,12.98,37.81
2025-01-25 05:19:45,2025-01-25 06:07:45,-73.835528,40.798675,-73.805059,40.636581,4,6.59,21.66
2025-01-30 03:34:34,2025-01-30 04:12:34,-73.861489,40.759415,-73.991467,40.660682,4,13.32,55.56
2025-01-01 02:40:33,2025-01-01 03:19:33,-74.029853,40.705934,-73.780388,40.886119,1,10.86,31.39
2025-01-06 21:35:17,2025-01-06 21:58:17,-73.998839,40.860255,-74.006886,40.762031,1,4.99,19.26
2025-01-08 22:28:25,2025-01-08 22:39:25,-73.92771,40.663178,-73.798311,40.868175,4,18.42,60.78
2025-01-22 04:35:12,2025-01-22 04:40:12,-73.916903,40.657834,-73.837754,40.60407,2,19.67,61.29
2025-01-28 13:21:42,2025-01-28 13:45:42,-73.786804,40.738188,-74.015257,40.615076,4,4.27,13.7
2025-01-08 06:26:21,2025-01-08 07:23:21,-73.852242,40.734301,-73.942807,40.858759,2,11.31,36.96
2025-01-27 22:44:48,2025-01-27 23:01:48,-73.961342,40.738781,-73.789975,40.836972,2,13.47,52.04
2025-01-23 00:56:50,2025-01-23 01:23:50,-73.851205,40.832849,-73.971244,40.848051,2,4.23,16.65
2025-01-02 06:51:36,2025-01-02 07:15:36,-73.979696,40.640817,-73.792841,40.622765,1,4.89,21.93
2025-01-22 04:40:09,2025-01-22 05:05:09,-73.793609,40.613905,-74.0305,40.698931,2,8.67,34.02
2025-01-19 22:34:19,2025-01-19 22:46:19,-73.780593,40.871015,-74.045386,40.676575,3,7.42,30.92
2025-01-27 00:13:32,2025-01-27 00:49:32,-73.780308,40.641616,-73.775186,40.819736,4,12.7,36.13
2025-01-25 05:46:52,2025-01-25 06:27:52,-73.948769,40.784401,-73.980627,40.701505,3,1.7,8.68
2025-01-25 16:45:30,2025-01-25 17:14:30,-73.852967,40.853797,-73.898323,40.66544,2,3.04,12.85
2025-01-23 08:17:48,2025-01-23 09:14:48,-74.007829,40.759866,-73.808771,40.696767,4,4.78,18.03
2025-01-26 07:40:40,2025-01-26 07:54:40,-74.031015,40.681026,-73.827875,40.896069,2,19.99,44.74
2025-01-21 09:28:53,2025-01-21 09:57:53,-73.796789,40.766601,-73.87597,40.827618,3,3.67,13.26
2025-01-24 04:45:00,2025-01-24 05:18:00,-73.930733,40.729148,-73.893915,40.73459,2,19.35,50.47
2025-01-28 02:09:40,2025-01-28 03:07:40,-74.004275,40.822181,-73.965532,40.83551,4,16.81,37.86
2025-01-04 13:51:54,2025-01-04 14:09:54,-73.959394,40.806493,-73.854263,40.767902,3,4.9,12.7
2025-01-01 18:16:23,2025-01-01 19:06:23,-74.023632,40.812303,-73.964888,40.75594,1,12.12,40.89
2025-01-04 19:47:50,2025-01-04 19:55:50,-73.764846,40.725014,-73.872687,40.829726,1,15.56,36.63
2025-01-31 16:11:21,2025-01-31 16:58:21,-73.76325,40.627772,-74.044692,40.764213,4,10.65,33.37
2025-01-26 00:10:39,2025-01-26 00:33:39,-73.896429,40.817106,-73.941022,40.64183,1,8.47,30.72
2025-02-04 08:21:58,2025-02-04 08:44:58,-74.041588,40.742741,-74.010593,40.652981,2,3.84,17.03
2025-02-03 13:58:19,2025-02-03 14:26:19,-73.837762,40.655226,-73.956086,40.771898,1,3.63,13.7
2025-02-15 21:55:54,2025-02-15 22:20:54,-73.771208,40.723976,-74.047083,40.824948,1,12.43,44.19
2025-02-20 08:55:11,2025-02-20 09:35:11,-73.835652,40.726566,-74.049936,40.860675,2,17.88,66.6
2025-02-05 21:55:56,2025-02-05 22:25:56,-73.961039,40.613849,-73.975905,40.8875,4,11.11,27.25
2025-02-05 05:21:08,2025-02-05 05:45:08,-73.754554,40.697718,-73.95906,40.66201,1,5.37,22.36
2025-02-18 14:30:34,2025-02-18 14:52:34,-73.801011,40.882191,-74.048822,40.700167,4,15.48,42.75
2025-02-22 22:09:27,2025-02-22 22:22:27,-73.937749,40.822295,-73.847967,40.613174,1,16.44,47.97
2025-02-06 02:21:29,2025-02-06 02:39:29,-73.842689,40.657584,-73.935413,40.870359,1,2.3,11.12
2025-02-21 16:33:12,2025-02-21 16:57:12,-74.044067,40.847683,-73.774042,40.83533,4,9.41,32.03
2025-02-01 15:08:20,2025-02-01 15:14:20,-73.967773,40.610395,-74.011756,40.605077,2,18.76,73.65
2025-02-15 08:07:54,2025-02-15 08:19:54,-73.861642,40.875442,-73.87131,40.761396,3,10.26,26.24
2025-02-01 10:38:24,2025-02-01 10:53:24,-73.948509,40.781951,-73.933993,40.68456,1,11.84,28.21
2025-02-05 16:54:14,2025-02-05 17:21:14,-73.947105,40.850726,-73.812483,40.8098,2,10.44,41.43
2025-02-03 01:28:40,2025-02-03 02:19:40,-73.98514,40.631833,-74.012042,40.847714,1,4.89,16.52
2025-02-20 17:46:44,2025-02-20 18:07:44,-73.84968,40.665263,-73.867781,40.87673,4,13.55,30.73
2025-02-16 04:48:51,2025-02-16 05:04:51,-73.926101,40.859259,-73.833809,40.734972,3,6.58,21.33
2025-02-25 06:30:58,2025-02-25 07:15:58,-74.049569,40.606339,-73.894872,40.602973,4,8.26,29.55
2025-02-08 22:03:22,2025-02-08 22:22:22,-73.756194,40.619307,-73.974204,40.773486,3,3.39,12.06
2025-02-02 16:33:46,2025-02-02 17:00:46,-73.792867,40.823071,-73.982344,40.891129,1,13.25,29.04
2025-02-02 09:44:50,2025-02-02 10:29:50,-74.022744,40.670119,-73.923377,40.863531,2,9.21,37.74
2025-02-23 18:41:46,2025-02-23 19:24:46,-73.788754,40.888554,-73.991025,40.832838,4,18.97,66.0
2025-02-13 23:39:59,2025-02-14 00:04:59,-73.812842,40.631143,-73.967793,40.809076,3,14.39,43.96
2025-02-04 16:09:51,2025-02-04 17:02:51,-73.874326,40.849578,-73.835846,40.775284,3,15.77,53.01
2025-02-23 20:14:02,2025-02-23 20:33:02,-73.80097,40.882559,-73.779938,40.770774,2,8.58,30.36
2025-02-22 10:50:57,2025-02-22 11:03:57,-73.804253,40.857776,-73.904269,40.846338,1,13.84,40.43
2025-02-21 12:12:44,2025-02-21 12:38:44,-73.780856,40.63856,-73.903643,40.864518,1,6.92,26.75
2025-02-24 01:23:39,2025-02-24 02:20:39,-73.829209,40.6166,-73.783116,40.891039,3,3.77,15.59
2025-02-01 16:35:10,2025-02-01 16:53:10,-73.917281,40.703925,-73.836409,40.816722,3,15.21,46.98
2025-02-13 00:47:05,2025-02-13 01:39:05,-73.986423,40.742048,-73.866863,40.791191,1,7.88,22.77
2025-02-26 02:41:07,2025-02-26 03:09:07,-73.894752,40.794027,-73.992865,40.646885,3,3.08,8.7
2025-02-04 12:07:08,2025-02-04 12:26:08,-73.782077,40.691753,-73.922796,40.683966,3,7.46,22.81
2025-02-20 06:19:17,2025-02-20 06:42:17,-73.909208,40.789046,-73.786389,40.700248,4,15.76,38.22
2025-02-24 21:29:21,2025-02-24 21:44:21,-73.892946,40.790855,-73.890486,40.878691,2,10.79,30.3
2025-02-17 19:05:37,2025-02-17 19:36:37,-74.008226,40.60076,-73.779678,40.714497,4,12.24,31.8
2025-02-28 21:12:05,2025-02-28 22:09:05,-73.978017,40.844034,-74.031564,40.801613,2,8.64,36.39
2025-02-22 17:20:05,2025-02-22 17:35:05,-73.786685,40.802564,-73.861017,40.847961,2,2.67,10.07
2025-02-03 09:47:29,2025-02-03 10:42:29,-73.910051,40.787328,-73.93744,40.783241,2,15.29,58.01
2025-02-16 18:15:02,2025-02-16 18:39:02,-73.864363,40.83484,-73.918336,40.889653,3,17.47,70.55
2025-02-21 12:42:59,2025-02-21 13:18:59,-73.960374,40.630524,-73.76254,40.694306,4,9.47,31.16
2025-02-10 14:30:26,2025-02-10 14:36:26,-73.937626,40.829448,-73.918557,40.835035,2,12.9,43.91
2025-02-15 15:55:37,2025-02-15 16:42:37,-73.989491,40.890716,-73.9151,40.711464,1,9.06,23.08
2025-02-02 15:10:30,2025-02-02 15:33:30,-73.783416,40.784561,-73.863839,40.790287,1,13.83,42.15
2025-02-04 14:35:16,2025-02-04 15:29:16,-73.866746,40.76185,-73.762813,40.703801,4,5.35,16.65
2025-02-07 18:59:50,2025-02-07 19:46:50,-73.823273,40.784582,-73.793605,40.833494,4,1.74,6.14
2025-02-26 17:44:57,2025-02-26 18:05:57,-73.81063,40.895532,-73.932452,40.688114,4,13.45,55.44
2025-02-24 19:50:44,2025-02-24 20:40:44,-73.94698,40.7749,-73.988801,40.70057,4,14.49,35.94
2025-02-26 23:50:27,2025-02-27 00:34:27,-73.764631,40.798538,-74.043166,40.81024,2,13.23,38.05
2025-02-02 21:45:38,2025-02-02 22:20:38,-74.003913,40.622115,-73.892807,40.689999,1,2.8,13.26
2025-02-11 22:31:27,2025-02-11 23:06:27,-74.007681,40.630821,-73.83167,40.799565,3,1.24,5.41
2025-02-24 13:41:21,2025-02-24 14:04:21,-74.000584,40.785452,-73.775485,40.672803,1,17.91,42.38
2025-02-16 06:45:17,2025-02-16 07:00:17,-73.981021,40.759169,-73.965387,40.71014,4,12.06,31.11
2025-02-17 20:24:34,2025-02-17 20:53:34,-73.94063,40.889556,-73.876138,40.76689,3,11.68,31.7
2025-02-19 14:58:40,2025-02-19 15:11:40,-73.812302,40.76963,-73.918962,40.663806,3,19.11,61.79
2025-02-28 03:29:49,2025-02-28 03:52:49,-73.831985,40.893183,-73.84089,40.700055,1,6.13,17.92
2025-02-12 23:04:05,2025-02-12 23:43:05,-73.950305,40.810655,-73.770597,40.77805,1,11.29,30.02
2025-02-27 06:21:02,2025-02-27 06:54:02,-73.771421,40.686896,-74.018402,40.764636,3,18.97,42.27
2025-02-24 22:59:17,2025-02-24 23:31:17,-73.903436,40.795344,-73.806758,40.877773,4,1.23,7.32
2025-02-16 21:52:59,2025-02-16 22:06:59,-73.883343,40.640155,-73.776283,40.866582,3,14.66,39.33
2025-02-08 13:45:15,2025-02-08 14:31:15,-73.874434,40.616975,-73.988076,40.801703,2,7.17,18.57
2025-02-17 11:55:24,2025-02-17 12:05:24,-73.952256,40.62365,-73.781267,40.882741,2,16.03,37.51
2025-02-04 06:13:51,2025-02-04 07:12:51,-73.817348,40.686694,-73.985023,40.72028,1,17.98,56.26
2025-02-19 12:37:25,2025-02-19 13:04:25,-73.894169,40.899557,-73.85502,40.645595,3,14.34,56.2
2025-02-21 03:56:44,2025-02-21 04:37:44,-73.902628,40.669329,-73.959166,40.807871,4,10.59,38.43
2025-02-03 04:25:36,2025-02-03 04:42:36,-73.975685,40.729438,-73.801396,40.664543,4,11.64,34.1
2025-02-14 06:40:20,2025-02-14 07:22:20,-73.89481,40.677907,-73.792792,40.844473,1,14.62,59.44
2025-02-26 02:10:02,2025-02-26 02:26:02,-74.020609,40.855662,-73.874921,40.839342,1,5.82,17.4
2025-02-01 09:45:43,2025-02-01 09:57:43,-73.917493,40.822945,-73.935162,40.719165,3,5.01,15.56
2025-02-21 18:00:09,2025-02-21 18:36:09,-74.034346,40.646272,-73.811968,40.606609,4,12.7,37.33
2025-02-27 15:29:36,2025-02-27 16:09:36,-73.831063,40.884648,-73.860158,40.780383,4,16.21,50.31
2025-02-26 23:30:37,2025-02-27 00:11:37,-73.799233,40.679514,-73.946057,40.889967,3,3.26,12.39
2025-02-05 18:30:41,2025-02-05 19:20:41,-73.859547,40.735795,-73.814015,40.802099,2,15.84,39.62
2025-02-08 00:03:56,2025-02-08 00:19:56,-73.786449,40.72639,-73.909261,40.862996,3,6.19,15.15
2025-02-21 20:34:18,2025-02-21 21:24:18,-73.752279,40.642599,-73.904247,40.886759,3,19.29,44.3
2025-02-02 13:07:11,2025-02-02 13:49:11,-73.854747,40.844444,-73.75297,40.796789,4,2.63,10.71
2025-02-06 06:00:51,2025-02-06 06:57:51,-73.836683,40.775195,-74.043317,40.685675,2,12.42,28.11
2025-02-23 14:47:23,2025-02-23 14:58:23,-73.975617,40.726465,-73.805886,40.64383,2,9.83,34.92
2025-02-01 17:26:45,2025-02-01 18:14:45,-73.764503,40.645652,-73.858409,40.739352,4,10.2,32.63
2025-02-03 04:57:06,2025-02-03 05:57:06,-74.03254,40.856738,-74.017188,40.814328,3,13.73,53.62
2025-02-24 06:12:20,2025-02-24 06:52:20,-73.866993,40.817891,-73.969312,40.723451,2,18.64,46.21
2025-02-25 09:53:24,2025-02-25 10:04:24,-73.915927,40.838239,-73.945068,40.742183,4,6.83,25.58
2025-02-26 08:01:17,2025-02-26 08:28:17,-73.964144,40.622158,-73.963082,40.655176,1,5.59,20.71
2025-02-06 04:03:14,2025-02-06 04:55:14,-73.923078,40.747326,-74.042137,40.895915,1,8.43,26.41
2025-02-07 15:26:54,2025-02-07 15:55:54,-73.779747,40.678107,-73.766279,40.782829,1,8.24,31.87
2025-02-07 06:48:52,2025-02-07 06:58:52,-73.836161,40.654148,-73.865622,40.892173,2,17.22,50.82
2025-02-24 12:42:18,2025-02-24 13:11:18,-73.795728,40.756998,-74.029132,40.860612,2,9.34,34.9
2025-02-17 14:09:42,2025-02-17 15:03:42,-73.867621,40.874899,-73.858391,40.899097,4,5.14,16.8
2025-02-11 22:15:07,2025-02-11 23:01:07,-73.854469,40.708981,-73.827399,40.760366,2,13.42,37.61
2025-02-10 10:36:55,2025-02-10 10:56:55,-73.941186,40.815108,-73.928651,40.657787,2,12.93,54.08
2025-02-16 18:00:08,2025-02-16 18:20:08,-73.900789,40.622204,-73.865222,40.677319,2,6.4,24.03
2025-02-20 05:13:43,2025-02-20 05:57:43,-74.001146,40.642465,-73.872852,40.765368,1,3.5,13.49
2025-02-04 09:17:25,2025-02-04 10:00:25,-73.834007,40.672343,-73.847566,40.864325,1,9.94,27.69
2025-02-06 13:49:39,2025-02-06 13:54:39,-73.813686,40.82188,-73.984233,40.749313,1,9.18,29.24
2025-02-08 07:46:07,2025-02-08 07:58:07,-73.918249,40.880277,-74.00897,40.799574,1,15.5,44.67
2025-02-23 07:50:28,2025-02-23 07:58:28,-74.002095,40.817969,-73.981802,40.629337,1,13.27,48.33
2025-02-04 23:05:53,2025-02-05 00:00:53,-73.889333,40.712667,-73.783988,40.613536,2,10.11,42.05
2025-02-13 22:12:35,2025-02-13 23:00:35,-73.961366,40.813601,-74.003084,40.757043,3,2.28,7.84
2025-02-18 18:39:32,2025-02-18 19:03:32,-73.847819,40.660834,-74.039324,40.854595,2,11.7,44.45
2025-02-27 09:01:04,2025-02-27 09:51:04,-74.041072,40.628984,-73.933327,40.692853,3,17.34,61.9
2025-02-25 17:59:35,2025-02-25 18:59:35,-73.95979,40.71561,-73.829478,40.860875,1,10.36,27.62
2025-02-07 15:21:38,2025-02-07 15:43:38,-74.036191,40.748259,-73.764599,40.664565,1,19.75,67.17
2025-02-15 22:13:06,2025-02-15 22:47:06,-73.976771,40.81285,-73.999238,40.776935,1,14.58,52.7
2025-02-20 23:17:30,2025-02-21 00:07:30,-73.992214,40.693424,-73.824181,40.887695,1,2.26,7.63
2025-02-27 16:46:06,2025-02-27 17:11:06,-73.847357,40.887439,-73.935666,40.633398,2,7.44,21.97
2025-02-01 22:06:34,2025-02-01 22:35:34,-73.861237,40.775523,-73.976968,40.799358,3,4.3,16.82
2025-02-28 00:53:11,2025-02-28 01:34:11,-73.991996,40.858031,-73.894327,40.874303,3,8.15,22.48
2025-02-08 15:14:12,2025-02-08 16:01:12,-73.997832,40.763583,-73.802146,40.732418,4,19.35,79.26
2025-02-24 17:42:42,2025-02-24 18:18:42,-73.868618,40.673343,-73.865227,40.697552,1,4.92,14.08
2025-02-05 10:06:40,2025-02-05 10:53:40,-73.954843,40.630854,-73.861216,40.703474,4,13.36,33.62
2025-02-13 01:38:21,2025-02-13 02:37:21,-73.865021,40.833065,-73.902353,40.703035,1,10.08,30.54
2025-02-22 12:44:36,2025-02-22 12:50:36,-74.033654,40.884207,-73.863782,40.803647,2,2.12,8.09
2025-02-26 10:40:24,2025-02-26 11:14:24,-73.923492,40.862306,-73.893617,40.822409,1,14.38,51.92
2025-02-12 13:54:51,2025-02-12 14:06:51,-73.95805,40.682918,-73.917787,40.677763,4,15.18,36.79
2025-02-19 05:39:22,2025-02-19 06:36:22,-73.914426,40.771758,-73.977844,40.68977,3,6.17,23.45
2025-02-02 13:41:46,2025-02-02 14:18:46,-73.880919,40.804552,-73.768322,40.82728,1,5.83,15.64
2025-02-01 00:17:46,2025-02-01 00:36:46,-73.762022,40.688261,-73.956985,40.751982,2,9.15,26.13
2025-02-05 15:59:54,2025-02-05 16:41:54,-73.760513,40.813617,-73.856383,40.807932,1,3.23,10.27
2025-02-19 05:01:39,2025-02-19 05:31:39,-73.934136,40.702774,-74.031363,40.682747,2,8.01,33.65
2025-02-14 17:38:14,2025-02-14 18:37:14,-73.955322,40.852252,-73.757848,40.741318,1,9.84,39.45
2025-02-27 02:05:29,2025-02-27 03:03:29,-73.822152,40.601623,-73.995485,40.778325,1,5.06,21.97
2025-02-11 22:11:18,2025-02-11 23:05:18,-73.944391,40.63613,-73.977106,40.691737,4,1.5,5.61
2025-02-19 18:04:49,2025-02-19 19:01:49,-73.858655,40.605906,-73.835221,40.755731,3,18.23,49.91
2025-02-02 06:32:42,2025-02-02 07:09:42,-73.909339,40.714671,-74.018626,40.774217,4,15.14,61.81
2025-02-22 01:51:10,2025-02-22 02:34:10,-73.827815,40.631495,-73.876727,40.632999,4,13.98,43.23
2025-02-04 15:41:13,2025-02-04 16:28:13,-74.039982,40.856016,-73.769783,40.877204,2,4.06,11.1
2025-02-23 14:37:49,2025-02-23 15:06:49,-73.87319,40.869841,-73.958114,40.65652,3,14.18,47.64
2025-02-12 23:56:59,2025-02-13 00:56:59,-73.800186,40.801587,-74.029728,40.694317,1,5.4,21.49
2025-02-14 18:26:02,2025-02-14 18:38:02,-74.017758,40.637483,-73.946966,40.847065,4,16.04,65.97
2025-02-15 02:28:07,2025-02-15 03:19:07,-73.810833,40.645741,-73.927041,40.748059,3,19.28,45.71
2025-02-13 23:52:16,2025-02-14 00:42:16,-73.806181,40.800451,-73.86573,40.880576,1,17.8,59.47
2025-02-09 04:46:55,2025-02-09 05:04:55,-73.884814,40.850861,-73.886857,40.689529,3,5.33,21.1
2025-02-20 06:49:29,2025-02-20 07:12:29,-74.043161,40.604648,-74.045353,40.836094,2,6.02,22.26
2025-02-23 10:03:42,2025-02-23 10:13:42,-74.004071,40.659248,-73.937602,40.880615,1,3.03,13.83
2025-02-15 23:53:58,2025-02-16 00:39:58,-73.913557,40.775132,-73.84051,40.77134,3,19.5,58.75
2025-02-20 14:20:43,2025-02-20 14:34:43,-73.935322,40.840099,-73.821606,40.699652,2,3.47,15.05
2025-02-01 09:39:03,2025-02-01 10:22:03,-73.997087,40.627382,-73.779705,40.875673,4,13.74,32.07
2025-02-12 19:02:40,2025-02-12 19:58:40,-73.785961,40.740749,-73.979818,40.828713,2,13.19,55.19
2025-02-09 04:32:42,2025-02-09 05:27:42,-73.78528,40.784212,-73.883344,40.649383,1,17.74,52.84
2025-02-18 15:12:46,2025-02-18 15:36:46,-73.824359,40.86181,-73.844328,40.89295,2,15.87,55.84
2025-02-22 13:03:27,2025-02-22 13:35:27,-73.907896,40.637628,-74.033313,40.718724,2,18.7,58.54
2025-02-15 04:13:32,2025-02-15 04:53:32,-74.042864,40.715844,-73.756142,40.857881,3,12.77,32.64
2025-02-08 13:47:05,2025-02-08 14:09:05,-73.973417,40.75327,-74.044997,40.686672,1,5.02,21.23
2025-02-02 09:52:30,2025-02-02 10:48:30,-74.042519,40.7044,-73.956353,40.711966,4,6.46,27.84
2025-02-20 04:15:00,2025-02-20 05:06:00,-73.896495,40.868725,-73.979564,40.623204,2,8.84,28.11
2025-02-25 03:51:40,2025-02-25 04:01:40,-73.824869,40.65469,-74.024597,40.76956,4,13.37,55.59
2025-02-15 01:36:03,2025-02-15 01:56:03,-73.990404,40.690636,-73.936471,40.687044,3,16.8,57.88
2025-02-17 23:04:02,2025-02-17 23:17:02,-73.934455,40.812077,-74.030444,40.850003,4,7.49,31.72
2025-02-21 18:23:22,2025-02-21 19:18:22,-73.865347,40.812275,-73.941544,40.897767,4,12.46,39.79
2025-02-16 12:27:50,2025-02-16 12:34:50,-73.963064,40.880713,-73.986841,40.680216,1,3.02,11.78
2025-02-13 16:32:45,2025-02-13 16:59:45,-73.93192,40.805214,-73.956572,40.664228,4,5.86,15.4
2025-02-03 22:54:40,2025-02-03 23:24:40,-73.951316,40.761327,-74.023226,40.658033,1,7.12,29.82
2025-02-15 08:40:43,2025-02-15 08:59:43,-73.97329,40.666071,-73.985873,40.668328,1,5.5,21.72
2025-02-14 03:49:04,2025-02-14 04:24:04,-73.979828,40.630009,-74.035574,40.849582,2,16.77,50.04
2025-02-08 22:50:27,2025-02-08 23:22:27,-73.820462,40.601055,-73.961239,40.612054,2,3.37,13.63
2025-02-02 18:03:49,2025-02-02 18:30:49,-73.862798,40.793907,-74.018453,40.859616,1,16.46,35.66
2025-02-08 14:13:07,2025-02-08 14:56:07,-74.038377,40.830184,-74.022371,40.732055,3,11.48,45.96
2025-02-05 04:23:02,2025-02-05 04:33:02,-73.862813,40.630654,-73.850477,40.612631,3,1.01,5.71
2025-02-09 03:53:13,2025-02-09 04:23:13,-73.812617,40.670994,-73.982752,40.75025,4,16.81,50.94
2025-02-23 01:20:15,2025-02-23 01:58:15,-73.931556,40.73869,-73.807627,40.842273,1,7.52,24.35
2025-02-05 09:39:12,2025-02-05 10:25:12,-73.951625,40.70734,-74.024568,40.821578,3,5.93,20.85
2025-02-18 23:37:04,2025-02-19 00:30:04,-73.957434,40.83111,-74.023176,40.752082,4,17.09,63.41
2025-02-14 18:47:05,2025-02-14 19:15:05,-73.814945,40.881569,-73.892937,40.839746,2,5.37,18.63
2025-02-04 10:35:53,2025-02-04 11:18:53,-73.993955,40.808725,-73.903657,40.855891,1,12.84,28.72
2025-02-23 11:22:11,2025-02-23 11:41:11,-73.75334,40.87893,-73.953516,40.614872,3,5.4,14.19
2025-02-12 05:21:46,2025-02-12 06:08:46,-73.844041,40.758171,-73.962595,40.816883,3,15.23,34.24
2025-02-15 01:38:03,2025-02-15 01:56:03,-73.820151,40.867895,-73.789195,40.720578,4,12.99,40.55
2025-02-28 08:47:29,2025-02-28 09:28:29,-73.885586,40.618785,-73.759396,40.859291,3,14.64,60.4
2025-02-20 18:34:36,2025-02-20 19:09:36,-73.927944,40.710163,-73.920065,40.691708,2,16.14,62.63
2025-02-27 02:07:15,2025-02-27 03:03:15,-73.862632,40.834463,-73.793756,40.693654,1,14.93,54.37
2025-02-08 12:30:21,2025-02-08 12:38:21,-73.947939,40.610428,-73.789374,40.853592,3,10.88,40.1
2025-02-27 01:35:40,2025-02-27 01:51:40,-73.98815,40.693692,-73.91603,40.822901,4,10.44,42.28
2025-02-15 10:55:22,2025-02-15 11:28:22,-73.844244,40.635872,-73.809476,40.655414,4,12.42,50.73
2025-02-19 18:25:49,2025-02-19 18:54:49,-73.887815,40.609185,-74.046468,40.841224,3,13.15,54.63
2025-02-16 23:54:56,2025-02-17 00:54:56,-73.928439,40.813596,-73.764332,40.626335,3,11.68,28.45
2025-02-18 08:53:56,2025-02-18 09:19:56,-73.918258,40.859539,-73.98444,40.618188,3,5.49,20.99
2025-02-09 17:21:27,2025-02-09 17:50:27,-73.814969,40.625811,-73.826622,40.853588,2,11.31,34.71
2025-02-28 23:53:28,2025-03-01 00:48:28,-73.887545,40.862696,-73.805716,40.660075,1,2.09,9.02
2025-02-05 22:14:30,2025-02-05 23:05:30,-73.965266,40.775098,-73.763243,40.828674,3,12.31,32.56
2025-02-06 01:18:16,2025-02-06 02:11:16,-73.951892,40.672415,-74.016288,40.836813,3,7.04,26.94
2025-02-26 00:34:19,2025-02-26 01:18:19,-73.900808,40.600086,-74.010113,40.719864,2,14.41,54.49
2025-02-12 20:23:53,2025-02-12 20:50:53,-73.954978,40.774432,-73.935101,40.695634,2,2.3,7.76
2025-02-10 03:12:42,2025-02-10 03:45:42,-73.882234,40.792014,-73.934713,40.731021,3,6.94,26.69
2025-02-07 13:24:05,2025-02-07 14:01:05,-73.839728,40.837829,-73.842153,40.723619,1,1.04,5.9
2025-02-27 12:30:51,2025-02-27 13:29:51,-73.989835,40.726119,-73.873555,40.818316,3,14.31,40.97
2025-02-19 14:09:29,2025-02-19 14:39:29,-73.814063,40.75956,-73.851557,40.686758,4,10.06,28.44
2025-02-02 20:08:33,2025-02-02 20:57:33,-73.775415,40.612817,-73.769855,40.730824,4,18.42,63.24
2025-02-23 07:24:23,2025-02-23 07:33:23,-73.77962,40.656341,-74.008044,40.675266,3,17.49,39.47
2025-02-07 17:54:17,2025-02-07 18:02:17,-73.799099,40.786907,-74.025439,40.887247,4,4.05,13.82
2025-02-10 00:39:45,2025-02-10 01:00:45,-73.83643,40.788799,-73.929008,40.70863,3,4.75,13.08
2025-02-27 20:50:08,2025-02-27 21:16:08,-73.867675,40.721405,-73.798825,40.8696,2,5.74,21.74
2025-02-05 00:33:29,2025-02-05 01:24:29,-73.988078,40.770947,-73.866409,40.849346,2,2.06,6.83
2025-02-09 01:08:55,2025-02-09 02:01:55,-73.864799,40.787222,-73.831832,40.761877,1,8.84,36.39
2025-02-02 08:03:20,2025-02-02 09:01:20,-73.789841,40.805222,-74.006944,40.842065,4,1.98,7.97
2025-02-02 01:31:04,2025-02-02 01:52:04,-73.861765,40.753355,-73.758524,40.878054,2,17.66,67.1
2025-02-10 02:02:49,2025-02-10 02:16:49,-73.962879,40.752692,-74.03255,40.696443,4,10.76,27.59
2025-02-28 22:24:34,2025-02-28 22:35:34,-73.754296,40.615123,-73.952271,40.797605,3,7.15,27.05
2025-02-07 23:24:30,2025-02-07 23:29:30,-73.856949,40.869037,-73.934513,40.843994,2,1.55,8.29
2025-02-15 12:53:33,2025-02-15 13:14:33,-73.835402,40.857487,-73.917094,40.774057,1,16.5,51.59
2025-02-22 07:12:03,2025-02-22 07:33:03,-73.763188,40.887646,-73.907226,40.607044,4,13.72,41.3
2025-02-14 12:19:00,2025-02-14 12:42:00,-73.955004,40.733692,-73.898341,40.731728,4,16.31,59.87
2025-02-04 06:06:46,2025-02-04 07:04:46,-74.020862,40.793144,-73.866552,40.839468,3,8.33,23.62
2025-02-03 19:41:52,2025-02-03 19:58:52,-73.928597,40.876541,-73.816343,40.702358,4,13.04,51.06
2025-02-19 16:02:23,2025-02-19 17:01:23,-73.980799,40.811385,-74.042194,40.622901,4,9.15,28.26
2025-02-15 05:02:32,2025-02-15 05:32:32,-73.895292,40.870073,-73.819678,40.870982,4,13.7,55.25
2025-02-22 08:10:42,2025-02-22 08:34:42,-73.802722,40.728007,-73.773226,40.844011,2,7.47,20.35
2025-02-10 20:50:10,2025-02-10 21:16:10,-73.942251,40.740742,-74.048318,40.724774,1,5.27,15.02
2025-02-16 11:19:36,2025-02-16 11:55:36,-73.781894,40.630752,-73.930097,40.726054,2,10.25,33.63
2025-02-23 23:16:58,2025-02-24 00:05:58,-73.958026,40.870128,-73.861593,40.870277,4,17.13,37.87
2025-02-28 03:53:26,2025-02-28 04:02:26,-73.884879,40.818963,-73.97244,40.874666,1,4.34,11.74
2025-02-23 23:23:06,2025-02-24 00:11:06,-73.850927,40.741733,-73.81461,40.883855,4,8.79,31.84
2025-02-26 02:47:48,2025-02-26 03:04:48,-73.835264,40.884131,-73.782837,40.898511,2,19.5,42.16
2025-02-05 08:39:45,2025-02-05 08:46:45,-73.955325,40.814946,-74.00472,40.860569,1,2.0,6.88
2025-02-20 17:49:33,2025-02-20 18:40:33,-73.910816,40.751833,-74.011541,40.820722,3,2.52,11.42
2025-02-06 00:45:35,2025-02-06 01:40:35,-74.020298,40.613746,-73.890973,40.766396,2,9.88,33.27
2025-02-03 19:41:27,2025-02-03 20:04:27,-73.793591,40.659163,-73.792801,40.890747,3,18.41,59.27
2025-02-22 18:22:46,2025-02-22 19:03:46,-73.781272,40.809783,-73.971693,40.872904,4,3.23,11.63
2025-02-08 21:38:53,2025-02-08 22:03:53,-73.820702,40.791323,-73.797352,40.736319,3,5.11,19.58
2025-02-22 03:44:46,2025-02-22 04:15:46,-73.75872,40.721068,-73.933101,40.638683,4,8.35,35.47
2025-02-08 11:03:38,2025-02-08 11:29:38,-73.773312,40.633529,-73.905305,40.641009,3,2.62,9.23
2025-02-13 06:52:14,2025-02-13 07:14:14,-73.99947,40.823235,-74.020508,40.770697,2,11.61,28.77
2025-02-01 22:17:12,2025-02-01 23:01:12,-73.914681,40.895997,-73.802114,40.7802,2,18.54,73.13
2025-02-22 16:06:56,2025-02-22 16:48:56,-73.974974,40.85968,-73.781644,40.711542,2,14.29,54.81
2025-02-02 14:28:48,2025-02-02 15:20:48,-74.035734,40.679264,-73.866546,40.787487,3,2.29,9.69
2025-02-06 17:56:30,2025-02-06 18:14:30,-73.88028,40.660336,-73.889704,40.790219,2,1.96,9.34
2025-02-04 11:35:15,2025-02-04 11:53:15,-73.765516,40.888277,-73.823436,40.800908,4,9.49,22.89
2025-02-19 18:16:47,2025-02-19 18:50:47,-73.940438,40.878086,-73.905677,40.888568,2,3.57,9.9
2025-02-04 08:01:52,2025-02-04 08:26:52,-73.901865,40.866475,-73.85479,40.837119,2,7.5,26.08
2025-02-16 15:49:22,2025-02-16 16:32:22,-73.761178,40.725298,-73.898559,40.760831,2,12.13,38.51
2025-02-05 01:13:57,2025-02-05 01:48:57,-73.922569,40.682129,-73.915526,40.7793,4,16.32,43.83
2025-02-07 16:32:54,2025-02-07 17:30:54,-73.833012,40.797396,-73.885986,40.887537,2,9.31,36.76
2025-02-18 16:46:26,2025-02-18 17:15:26,-73.927673,40.89009,-73.845132,40.64535,4,3.27,14.61
2025-02-03 02:08:03,2025-02-03 02:23:03,-73.968315,40.782056,-73.785924,40.826208,3,16.49,58.84
2025-02-21 19:10:15,2025-02-21 20:03:15,-73.816356,40.741256,-74.011308,40.898817,1,12.96,36.29
2025-02-18 11:09:15,2025-02-18 12:05:15,-73.85262,40.672498,-73.998964,40.723514,4,7.64,31.02
2025-02-13 19:10:08,2025-02-13 19:40:08,-73.782967,40.613616,-73.857952,40.736528,1,11.92,41.88
2025-02-10 09:57:37,2025-02-10 10:43:37,-73.894242,40.632502,-73.898148,40.629416,1,18.62,75.95
2025-02-03 10:43:48,2025-02-03 11:26:48,-73.84936,40.679393,-73.756529,40.81409,4,7.64,30.42
2025-02-10 19:55:54,2025-02-10 20:21:54,-73.766223,40.779952,-73.905151,40.77829,3,5.49,22.13
2025-02-03 03:27:47,2025-02-03 04:04:47,-73.884266,40.647347,-73.839177,40.701895,2,12.58,28.23
2025-02-05 12:55:47,2025-02-05 13:07:47,-73.942902,40.763406,-73.758154,40.774649,3,5.23,20.04
2025-02-18 23:53:16,2025-02-19 00:24:16,-73.90684,40.646981,-73.894522,40.695954,2,18.38,67.23
2025-02-24 16:12:19,2025-02-24 16:22:19,-73.943033,40.876446,-73.995819,40.707206,1,16.43,38.09
2025-02-28 05:25:07,2025-02-28 05:54:07,-73.954239,40.70695,-74.031687,40.799641,3,18.8,55.49
2025-02-24 19:13:13,2025-02-24 19:55:13,-73.853434,40.85532,-73.833817,40.722193,2,16.48,42.77
2025-02-25 11:19:18,2025-02-25 12:14:18,-73.915085,40.73577,-73.791127,40.814,1,8.19,25.77
2025-02-27 22:58:45,2025-02-27 23:48:45,-73.845209,40.736548,-73.856387,40.796103,4,9.21,26.99
2025-02-05 13:39:00,2025-02-05 14:34:00,-73.946966,40.645919,-73.821451,40.676841,1,19.24,62.73
2025-02-10 23:35:29,2025-02-11 00:33:29,-74.042192,40.800147,-73.756211,40.77181,2,14.12,34.5
2025-02-13 19:00:10,2025-02-13 19:45:10,-73.798069,40.689415,-73.928363,40.87004,3,9.43,32.74
2025-02-24 20:30:30,2025-02-24 21:23:30,-73.936538,40.866659,-73.923423,40.612441,2,4.98,15.06
2025-02-04 11:20:00,2025-02-04 11:43:00,-73.750307,40.781254,-73.982432,40.857775,3,19.26,72.05
2025-02-12 10:36:00,2025-02-12 11:25:00,-73.913795,40.875643,-74.046628,40.61635,4,14.6,55.35
2025-02-04 21:22:04,2025-02-04 22:10:04,-73.756889,40.832432,-73.891705,40.845906,2,15.43,49.89
2025-02-13 06:47:20,2025-02-13 07:22:20,-73.976146,40.833273,-73.765933,40.812893,4,1.33,6.31
2025-02-12 02:20:55,2025-02-12 02:39:55,-73.956862,40.801767,-73.860069,40.787052,1,9.92,37.55
2025-02-26 14:59:58,2025-02-26 15:47:58,-73.790828,40.67634,-73.824714,40.894466,1,11.04,27.84
2025-02-09 19:50:36,2025-02-09 20:32:36,-73.925028,40.73259,-73.944444,40.730851,4,8.02,32.72
2025-02-08 02:31:51,2025-02-08 03:02:51,-73.804308,40.6419,-74.009289,40.790384,2,4.34,19.38
2025-02-24 11:55:31,2025-02-24 12:49:31,-74.022629,40.748227,-73.815406,40.693921,2,13.58,56.18
2025-02-03 09:32:05,2025-02-03 10:11:05,-73.759751,40.835965,-73.922653,40.690152,2,10.4,34.5
2025-02-23 13:10:33,2025-02-23 13:59:33,-74.036903,40.614227,-73.814037,40.606431,1,19.54,44.1
2025-02-11 15:13:26,2025-02-11 15:34:26,-73.868501,40.81752,-73.861338,40.605436,2,2.12,10.94
2025-02-21 15:03:45,2025-02-21 15:45:45,-74.030077,40.715362,-74.028393,40.804807,4,19.74,46.48
2025-02-24 05:08:40,2025-02-24 05:27:40,-73.993979,40.713957,-73.750097,40.824784,3,6.64,26.57
2025-02-13 20:48:59,2025-02-13 21:29:59,-73.78551,40.890735,-73.822057,40.795977,2,1.01,5.86
2025-02-25 04:13:10,2025-02-25 05:12:10,-73.915554,40.711288,-73.765656,40.856964,3,15.83,43.77
2025-02-12 07:17:23,2025-02-12 07:34:23,-73.979117,40.848574,-73.874018,40.800641,3,11.96,28.65
2025-02-04 03:09:15,2025-02-04 03:42:15,-73.876284,40.769088,-73.967709,40.867124,1,10.77,41.13
2025-02-01 01:57:44,2025-02-01 02:26:44,-74.041444,40.842631,-73.871346,40.677786,4,11.32,45.9
2025-02-20 12:58:59,2025-02-20 13:23:59,-73.892151,40.665142,-73.84284,40.865634,2,19.36,72.18
2025-02-23 04:36:42,2025-02-23 05:31:42,-74.001533,40.789299,-73.757874,40.640965,2,14.39,58.06
2025-02-23 16:37:53,2025-02-23 17:21:53,-73.843916,40.871821,-73.935383,40.850688,1,3.78,12.74
2025-02-05 08:38:25,2025-02-05 08:49:25,-74.039558,40.853217,-73.86066,40.898221,2,4.5,14.69
2025-02-26 10:22:40,2025-02-26 11:09:40,-73.845418,40.808549,-73.805273,40.858519,2,2.74,11.69
2025-02-19 04:27:59,2025-02-19 05:26:59,-73.836055,40.605219,-73.842448,40.866623,3,2.04,9.9
2025-02-13 22:38:52,2025-02-13 23:14:52,-73.817502,40.653758,-73.792128,40.795532,3,9.66,28.42
2025-02-24 07:06:13,2025-02-24 07:30:13,-73.823466,40.82991,-74.028982,40.624273,3,15.15,39.05
2025-02-19 11:50:10,2025-02-19 12:23:10,-73.928467,40.602858,-73.99877,40.839015,3,13.61,37.79
2025-02-12 09:15:19,2025-02-12 09:32:19,-73.956028,40.868899,-73.882682,40.685983,2,12.43,48.71
2025-02-09 03:42:36,2025-02-09 03:48:36,-73.877023,40.875995,-73.763505,40.768069,2,2.84,9.02
2025-02-10 02:17:58,2025-02-10 02:33:58,-73.800429,40.648227,-73.90965,40.734376,1,3.8,17.15
2025-02-16 16:42:45,2025-02-16 17:38:45,-74.021983,40.860356,-74.028036,40.735,1,2.8,10.48
2025-02-28 23:20:46,2025-02-28 23:59:46,-74.027543,40.612456,-73.98199,40.883776,3,19.25,63.47
2025-02-26 18:09:51,2025-02-26 18:24:51,-74.048666,40.657217,-74.009677,40.79244,3,13.17,42.88
2025-02-15 10:01:09,2025-02-15 10:56:09,-73.827649,40.705082,-73.995625,40.807245,4,13.48,55.85
2025-02-28 11:50:06,2025-02-28 12:34:06,-74.017029,40.817846,-73.997023,40.784036,4,14.01,39.02
2025-02-11 11:37:05,2025-02-11 12:26:05,-74.041404,40.814523,-73.896041,40.854676,4,8.17,22.59
2025-02-28 22:09:08,2025-02-28 22:47:08,-73.911257,40.797733,-73.830466,40.894966,4,19.87,58.42
2025-02-16 16:18:53,2025-02-16 16:34:53,-73.994166,40.790387,-73.988248,40.878124,1,13.13,34.76
2025-02-28 07:48:59,2025-02-28 08:36:59,-73.992214,40.88299,-73.943474,40.662418,3,13.48,53.15
2025-02-08 09:32:46,2025-02-08 10:24:46,-73.768477,40.711673,-73.8905,40.658762,1,17.15,39.45
2025-02-22 16:40:38,2025-02-22 17:30:38,-74.019796,40.703335,-73.929352,40.722981,3,18.77,52.57
2025-02-25 18:24:04,2025-02-25 18:55:04,-74.017486,40.820549,-73.863226,40.710193,1,19.34,52.03
2025-02-25 06:00:01,2025-02-25 06:36:01,-73.873315,40.636988,-74.015172,40.732713,2,5.59,14.3
2025-02-18 20:52:57,2025-02-18 21:27:57,-74.040049,40.805913,-73.959756,40.792684,3,10.57,38.91
2025-02-12 05:41:33,2025-02-12 06:35:33,-73.98655,40.777092,-73.931408,40.684858,4,9.21,38.09
2025-02-16 02:00:01,2025-02-16 02:57:01,-73.962543,40.660568,-73.905116,40.814557,2,16.87,52.26
2025-02-01 10:24:09,2025-02-01 11:10:09,-73.83522,40.753601,-73.79349,40.663336,3,8.44,31.43
2025-02-13 21:55:07,2025-02-13 22:48:07,-74.023543,40.653559,-73.963489,40.639067,2,14.27,43.66
2025-02-12 13:13:01,2025-02-12 14:11:01,-74.013971,40.801481,-73.969965,40.74002,4,4.2,18.85
2025-02-23 23:35:53,2025-02-23 23:59:53,-73.877745,40.883168,-73.903719,40.631099,3,17.04,37.39
2025-02-16 23:11:37,2025-02-17 00:08:37,-73.920373,40.722847,-74.030863,40.875458,3,9.42,24.64
2025-02-12 04:59:44,2025-02-12 05:53:44,-73.884871,40.643599,-73.797048,40.668354,3,15.68,52.27
2025-02-06 03:18:05,2025-02-06 03:43:05,-73.889636,40.721644,-73.868208,40.849433,2,11.8,32.2
2025-02-18 12:59:11,2025-02-18 13:27:11,-73.872193,40.798725,-73.876936,40.620061,1,15.97,52.75
2025-02-19 01:56:44,2025-02-19 02:25:44,-73.917294,40.737115,-74.036574,40.85287,2,3.15,9.71
2025-02-20 04:25:43,2025-02-20 04:54:43,-73.866983,40.77755,-73.910384,40.836663,3,15.44,47.01
2025-02-19 23:26:52,2025-02-19 23:43:52,-73.775759,40.881766,-73.825359,40.695042,1,8.88,22.96
2025-02-26 22:51:24,2025-02-26 23:28:24,-73.895434,40.824758,-73.791697,40.633097,2,13.6,32.13
2025-02-02 12:22:06,2025-02-02 13:16:06,-73.968195,40.784376,-73.772219,40.890117,2,9.73,30.15
2025-02-19 09:52:25,2025-02-19 10:39:25,-74.039332,40.786708,-74.015666,40.756913,4,19.22,56.26
2025-02-21 07:26:03,2025-02-21 08:24:03,-73.761186,40.711976,-73.874756,40.677551,4,19.3,74.39
2025-02-11 14:05:34,2025-02-11 14:47:34,-73.993027,40.760455,-73.827943,40.845928,1,12.51,38.4
2025-02-24 06:47:10,2025-02-24 07:00:10,-73.954921,40.731892,-73.894756,40.680538,3,12.77,47.03
2025-02-15 17:31:32,2025-02-15 18:18:32,-73.992832,40.720422,-73.794471,40.893113,1,8.99,25.66
2025-02-17 06:39:46,2025-02-17 07:19:46,-73.905153,40.81353,-73.896516,40.652764,3,7.15,23.57
2025-02-06 19:31:50,2025-02-06 19:38:50,-73.934833,40.60704,-73.806468,40.83963,1,16.72,51.17
2025-02-11 15:40:11,2025-02-11 16:26:11,-73.867339,40.892551,-73.823933,40.867792,3,6.19,19.02
2025-02-07 23:50:37,2025-02-08 00:11:37,-73.869631,40.626324,-73.995973,40.740775,4,18.97,66.63
2025-02-28 22:34:29,2025-02-28 23:18:29,-73.759461,40.627811,-73.776428,40.863827,2,9.01,30.42
2025-02-01 13:09:18,2025-02-01 13:59:18,-73.7716,40.625709,-73.823252,40.890973,2,18.36,57.53
2025-02-08 08:24:59,2025-02-08 08:47:59,-73.78727,40.738261,-73.955851,40.699147,2,5.3,13.22
2025-02-26 17:26:49,2025-02-26 18:03:49,-73.896164,40.631265,-73.889231,40.699712,4,13.32,47.53
2025-02-03 06:32:04,2025-02-03 06:46:04,-74.00372,40.80991,-73.961661,40.748337,4,5.66,22.75
2025-02-01 01:25:44,2025-02-01 02:05:44,-73.753099,40.885626,-73.986982,40.710362,3,9.97,24.03
2025-02-25 22:30:01,2025-02-25 22:48:01,-73.88717,40.61131,-73.843289,40.62323,4,2.08,7.94
2025-02-08 19:20:34,2025-02-08 19:32:34,-74.040917,40.798241,-73.896335,40.736619,2,13.65,53.26
2025-02-01 08:50:20,2025-02-01 09:31:20,-73.901526,40.630061,-73.798817,40.730105,2,9.0,24.69
2025-02-18 07:13:35,2025-02-18 07:32:35,-73.982753,40.670225,-73.757265,40.617598,1,6.77,23.47
2025-02-05 14:51:33,2025-02-05 15:46:33,-73.991915,40.686893,-74.043239,40.794581,3,17.04,69.94
2025-02-19 00:56:15,2025-02-19 01:54:15,-73.895998,40.877353,-73.772697,40.75022,1,2.26,10.7
2025-02-24 05:02:00,2025-02-24 05:52:00,-73.859198,40.881381,-73.920218,40.728606,4,16.56,61.14
2025-02-10 21:14:41,2025-02-10 21:31:41,-73.918355,40.700336,-74.008337,40.738555,2,9.36,24.65
2025-02-08 23:53:27,2025-02-08 23:58:27,-73.968493,40.890387,-73.852756,40.62316,2,6.16,25.23
2025-02-22 21:17:12,2025-02-22 21:44:12,-73.752304,40.622845,-73.909202,40.752762,3,18.59,48.44
2025-02-24 01:22:37,2025-02-24 02:13:37,-73.797595,40.689098,-73.780637,40.652157,4,18.07,61.66
2025-02-18 00:08:56,2025-02-18 00:21:56,-73.983861,40.706395,-73.782909,40.826226,3,4.97,12.61
2025-02-18 03:06:17,2025-02-18 04:06:17,-74.021714,40.844359,-73.967272,40.634377,1,9.82,36.47
2025-02-26 08:54:29,2025-02-26 09:02:29,-73.897814,40.85952,-73.826198,40.710011,2,3.62,10.18
2025-02-22 10:58:54,2025-02-22 11:27:54,-73.78818,40.680198,-74.043602,40.795838,1,9.08,22.4
2025-02-11 23:28:16,2025-02-11 23:52:16,-73.832344,40.633006,-73.940482,40.647267,1,2.86,12.38
2025-02-16 20:10:45,2025-02-16 20:27:45,-73.938646,40.783053,-73.887174,40.890213,4,16.27,61.34
2025-02-20 17:07:19,2025-02-20 17:24:19,-73.948674,40.673198,-73.876816,40.714734,1,14.51,48.09
2025-02-15 01:19:59,2025-02-15 01:50:59,-73.944633,40.738287,-73.888556,40.817896,2,7.71,20.68
2025-02-01 15:51:10,2025-02-01 16:33:10,-73.980085,40.826997,-74.03568,40.687018,2,18.18,66.77
2025-02-01 18:33:53,2025-02-01 19:26:53,-74.011016,40.885848,-73.75997,40.702451,3,11.42,32.25
2025-02-13 17:22:35,2025-02-13 17:49:35,-73.760662,40.768967,-73.962609,40.690902,3,10.11,34.71
2025-02-22 01:55:08,2025-02-22 02:41:08,-73.812184,40.649077,-73.881558,40.799712,4,8.82,21.78
2025-02-22 07:50:43,2025-02-22 08:34:43,-73.792095,40.811318,-73.947373,40.889204,3,19.65,71.71
2025-02-20 16:06:00,2025-02-20 16:44:00,-73.857236,40.716313,-73.928894,40.839925,2,4.76,12.69
2025-02-03 05:19:40,2025-02-03 05:42:40,-73.752633,40.865941,-74.017459,40.622752,3,3.51,9.72
2025-02-25 03:54:48,2025-02-25 04:34:48,-73.806047,40.869311,-73.824046,40.619191,2,15.54,43.12
2025-02-06 07:41:45,2025-02-06 08:23:45,-73.987298,40.659855,-73.923358,40.608479,1,12.61,38.02
2025-02-26 20:42:12,2025-02-26 21:11:12,-74.030154,40.689746,-73.827937,40.843583,3,6.65,28.4
2025-02-26 13:08:48,2025-02-26 13:19:48,-73.855011,40.687505,-73.975937,40.789017,3,17.2,61.06
2025-02-10 23:17:51,2025-02-10 23:44:51,-73.941296,40.613376,-73.939647,40.698785,1,18.71,47.26
2025-02-08 07:50:39,2025-02-08 08:00:39,-74.038581,40.804428,-73.96021,40.660616,2,8.03,20.28
2025-02-20 18:08:26,2025-02-20 18:17:26,-73.812213,40.64955,-73.881828,40.865602,1,10.08,23.22
2025-02-13 02:16:46,2025-02-13 02:34:46,-73.808585,40.883226,-73.836805,40.831246,2,8.35,33.22
2025-02-22 14:12:23,2025-02-22 14:39:23,-73.832969,40.879166,-73.967375,40.834736,3,6.74,28.55
2025-02-14 06:27:14,2025-02-14 06:42:14,-73.84179,40.749692,-73.78397,40.631308,1,5.78,22.84
2025-02-12 15:34:20,2025-02-12 16:19:20,-73.837285,40.848906,-73.871641,40.891166,1,13.72,35.62
2025-02-21 15:10:00,2025-02-21 16:05:00,-74.010791,40.699577,-73.950163,40.632686,1,17.76,56.32
2025-02-16 17:58:47,2025-02-16 18:08:47,-74.018713,40.624725,-73.975736,40.630633,4,13.73,36.5
2025-02-14 05:57:30,2025-02-14 06:33:30,-73.981934,40.6855,-73.786857,40.659341,2,9.68,35.12
2025-02-14 23:56:16,2025-02-15 00:13:16,-73.76475,40.654107,-73.768865,40.628687,4,7.32,19.12
2025-02-23 00:49:51,2025-02-23 01:28:51,-74.002905,40.672545,-73.975255,40.850876,3,5.88,18.35
2025-02-24 05:04:16,2025-02-24 05:43:16,-73.857739,40.743236,-73.989396,40.738558,4,17.63,45.07
2025-02-05 03:54:37,2025-02-05 04:22:37,-73.783356,40.764121,-73.770664,40.8138,3,2.32,9.68
2025-02-12 17:28:52,2025-02-12 18:04:52,-73.890062,40.837876,-73.917085,40.760759,2,7.3,26.72
2025-02-19 16:04:40,2025-02-19 16:22:40,-73.830908,40.78032,-73.766991,40.865945,3,19.63,75.97
2025-02-25 12:28:19,2025-02-25 13:20:19,-74.021377,40.791842,-73.826887,40.791896,1,4.9,14.55
2025-02-03 20:12:58,2025-02-03 20:33:58,-73.757048,40.780532,-73.78761,40.760696,3,19.11,76.87
2025-02-25 13:30:40,2025-02-25 14:05:40,-73.929858,40.88678,-73.987614,40.640585,1,17.1,42.39
2025-02-18 15:36:11,2025-02-18 15:46:11,-73.977495,40.613112,-73.881012,40.680659,1,5.43,21.12
2025-02-05 02:56:58,2025-02-05 03:40:58,-73.907169,40.702054,-74.018578,40.738717,1,6.12,15.5
2025-02-09 22:44:45,2025-02-09 22:52:45,-73.780191,40.761928,-73.941865,40.834553,2,3.45,10.68
2025-02-17 05:54:00,2025-02-17 06:39:00,-73.820909,40.605845,-73.987673,40.639446,2,6.46,27.9
2025-02-07 12:36:25,2025-02-07 12:56:25,-73.96518,40.771599,-73.918416,40.756296,1,15.19,32.9
2025-02-09 16:30:39,2025-02-09 16:55:39,-73.892779,40.618021,-73.899369,40.838709,2,16.7,62.44
2025-02-02 17:35:10,2025-02-02 18:34:10,-73.86812,40.739544,-73.987573,40.60582,1,4.14,12.34
2025-02-15 17:46:27,2025-02-15 18:01:27,-73.962252,40.858684,-73.90734,40.853903,2,19.07,60.33
2025-02-11 23:35:41,2025-02-12 00:32:41,-73.85008,40.729426,-73.785923,40.745869,1,9.84,29.44
2025-02-02 13:33:02,2025-02-02 14:17:02,-73.808715,40.826498,-73.871959,40.758832,2,9.65,23.84
2025-02-13 20:51:00,2025-02-13 21:17:00,-74.031547,40.713413,-73.96285,40.80425,1,10.49,27.6
2025-02-09 14:38:46,2025-02-09 14:49:46,-73.869438,40.641898,-73.868636,40.82926,1,12.43,39.17
2025-02-27 01:31:02,2025-02-27 01:39:02,-74.035173,40.704249,-73.857141,40.763521,1,19.12,67.45
2025-02-01 22:45:55,2025-02-01 23:34:55,-73.8251,40.870761,-74.020522,40.730759,2,12.3,39.57
2025-02-15 06:11:26,2025-02-15 06:19:26,-73.773857,40.715149,-73.919895,40.817473,2,12.43,40.49
2025-02-16 19:16:39,2025-02-16 19:27:39,-73.995079,40.648791,-73.861039,40.739113,1,4.76,20.25
2025-02-15 14:50:49,2025-02-15 15:34:49,-73.784486,40.706181,-73.831573,40.781879,2,17.5,59.96
2025-02-21 02:09:44,2025-02-21 02:31:44,-73.817296,40.602826,-73.907618,40.777028,3,5.54,18.51
2025-02-15 10:13:21,2025-02-15 10:27:21,-73.842155,40.771597,-73.859815,40.805638,1,9.35,22.6
2025-02-15 23:07:06,2025-02-15 23:41:06,-73.820746,40.703511,-74.030276,40.891083,3,18.99,62.79
2025-02-22 00:45:57,2025-02-22 01:11:57,-73.963343,40.790737,-73.805399,40.770648,1,8.78,33.87
2025-02-08 22:52:25,2025-02-08 22:57:25,-73.979121,40.651722,-73.890362,40.76787,2,13.68,36.94
2025-02-18 11:27:10,2025-02-18 11:43:10,-73.895189,40.650409,-74.034451,40.768363,1,6.18,21.77
2025-02-09 04:21:31,2025-02-09 04:34:31,-73.778506,40.709452,-73.789499,40.798647,2,19.77,59.31
2025-02-15 15:45:14,2025-02-15 15:52:14,-74.014431,40.804646,-73.833119,40.859595,1,16.86,41.9
2025-02-25 10:35:22,2025-02-25 11:35:22,-73.914451,40.801655,-73.842353,40.713061,4,9.27,26.96
2025-02-22 00:00:27,2025-02-22 00:07:27,-73.874337,40.640035,-73.970964,40.818512,4,8.59,33.78
2025-02-13 13:54:41,2025-02-13 14:18:41,-74.035437,40.723541,-73.979334,40.630557,4,12.3,46.13
2025-02-11 10:38:00,2025-02-11 11:23:00,-73.853078,40.867702,-73.962902,40.727072,1,6.82,18.29
2025-02-24 04:06:02,2025-02-24 05:05:02,-73.794016,40.643903,-73.982301,40.738108,4,12.06,31.98
2025-02-17 00:02:19,2025-02-17 00:09:19,-74.040608,40.656935,-73.785877,40.776784,3,13.45,29.78
2025-02-03 15:44:50,2025-02-03 16:41:50,-73.851682,40.768013,-73.96864,40.794527,4,15.66,55.28
2025-02-15 21:13:15,2025-02-15 21:33:15,-74.027268,40.753796,-73.835038,40.891348,2,19.67,76.0
2025-02-22 20:56:38,2025-02-22 21:04:38,-73.911101,40.681475,-73.807144,40.784066,2,11.9,32.21
2025-02-25 06:22:08,2025-02-25 06:59:08,-73.974797,40.67104,-73.754654,40.712053,4,17.19,66.78
2025-02-10 18:22:39,2025-02-10 18:59:39,-73.750381,40.755265,-73.775788,40.661927,4,2.61,12.83
2025-02-18 23:10:16,2025-02-18 23:43:16,-73.978849,40.72113,-73.881639,40.67025,1,19.58,74.75
2025-02-06 07:31:20,2025-02-06 07:45:20,-73.76588,40.795743,-73.916048,40.667348,3,11.41,30.33
2025-02-08 01:12:22,2025-02-08 01:53:22,-73.859305,40.781919,-73.854833,40.702497,1,15.92,59.48
2025-02-01 18:53:16,2025-02-01 19:03:16,-73.816561,40.812217,-73.896969,40.82428,1,18.86,60.97
2025-02-04 19:11:41,2025-02-04 19:55:41,-73.979364,40.718462,-73.89536,40.68777,1,1.93,8.87
2025-02-02 09:31:36,2025-02-02 10:05:36,-73.904294,40.791999,-73.825467,40.655117,1,5.77,22.62
2025-02-17 15:14:06,2025-02-17 15:26:06,-73.805945,40.896835,-73.835197,40.785824,4,5.07,18.57
2025-02-07 15:51:07,2025-02-07 16:04:07,-73.965584,40.666538,-73.83558,40.890754,1,11.7,37.64
2025-02-07 04:07:44,2025-02-07 04:28:44,-74.003775,40.692068,-73.826103,40.766601,1,8.71,28.63
2025-02-13 02:11:56,2025-02-13 02:47:56,-73.914562,40.757353,-73.888056,40.655152,3,9.42,35.97
2025-02-03 13:26:53,2025-02-03 13:47:53,-73.859232,40.830143,-73.937147,40.748154,3,9.47,23.09
2025-02-20 06:40:48,2025-02-20 07:33:48,-73.860263,40.728571,-73.754964,40.627288,2,8.01,28.23
2025-02-09 09:52:22,2025-02-09 10:31:22,-73.988478,40.859331,-73.926085,40.685238,2,13.31,40.53
2025-02-19 07:33:32,2025-02-19 08:24:32,-73.774868,40.751271,-73.780179,40.820984,2,8.78,31.33
2025-02-17 08:07:43,2025-02-17 09:04:43,-73.7623,40.767044,-73.974659,40.705077,4,13.46,53.86
2025-02-23 22:39:18,2025-02-23 23:19:18,-73.907076,40.837968,-73.831923,40.685019,3,6.63,16.78
2025-02-05 20:54:26,2025-02-05 21:09:26,-73.812315,40.67103,-74.023534,40.846095,1,9.9,22.72
2025-02-19 23:48:23,2025-02-20 00:42:23,-73.985021,40.816997,-73.854425,40.604707,1,9.64,39.44
2025-02-17 05:45:42,2025-02-17 06:35:42,-73.780974,40.813066,-73.926592,40.792235,1,5.53,15.29
2025-02-01 22:08:22,2025-02-01 22:30:22,-73.847696,40.749799,-73.786725,40.859133,3,9.63,28.47
2025-02-19 01:51:29,2025-02-19 02:27:29,-73.904978,40.625492,-73.777032,40.88301,3,1.58,6.94
2025-02-20 05:21:34,2025-02-20 05:54:34,-73.790217,40.849609,-73.93573,40.805089,1,8.98,33.37
2025-02-19 13:50:25,2025-02-19 14:11:25,-73.7756,40.808282,-73.949057,40.78521,1,6.83,22.22
2025-02-12 17:08:08,2025-02-12 17:56:08,-74.038648,40.732942,-73.916044,40.606686,2,9.91,31.55
2025-02-25 02:30:37,2025-02-25 03:30:37,-73.863259,40.667616,-73.802662,40.868953,1,2.6,11.73
2025-02-04 07:28:22,2025-02-04 08:28:22,-73.911394,40.868267,-73.972078,40.605253,1,9.73,39.77
2025-02-23 10:37:31,2025-02-23 11:14:31,-73.955552,40.718835,-73.841532,40.76144,2,11.35,28.35
2025-02-19 21:09:34,2025-02-19 21:58:34,-74.006182,40.703752,-73.82155,40.831424,3,19.58,45.82
2025-02-03 09:25:57,2025-02-03 10:15:57,-73.975864,40.80048,-73.835912,40.625905,2,1.38,6.43
2025-02-27 01:46:10,2025-02-27 02:44:10,-74.029692,40.694971,-73.788102,40.613205,3,13.92,38.81
2025-02-26 11:34:27,2025-02-26 11:52:27,-74.031309,40.668364,-74.008493,40.65431,1,3.83,10.51
2025-02-20 05:59:28,2025-02-20 06:45:28,-73.782202,40.805813,-73.972299,40.863413,3,3.49,14.36
2025-02-04 11:23:46,2025-02-04 12:11:46,-73.856421,40.622566,-73.829159,40.694436,4,17.42,40.48
2025-02-27 15:07:01,2025-02-27 16:03:01,-73.837408,40.611988,-73.914199,40.853461,4,6.38,23.27
2025-02-24 15:30:32,2025-02-24 16:25:32,-73.818354,40.780512,-73.817524,40.895265,1,17.01,44.53
2025-02-22 15:09:19,2025-02-22 15:31:19,-73.808755,40.678304,-73.879509,40.657345,3,19.27,77.22
2025-02-12 12:31:37,2025-02-12 12:55:37,-73.974535,40.826992,-73.776165,40.761601,3,2.5,8.16
2025-02-27 09:47:14,2025-02-27 09:54:14,-73.885447,40.603831,-73.755252,40.652781,2,5.1,16.82
2025-02-16 11:07:30,2025-02-16 12:05:30,-73.754428,40.627426,-73.75795,40.844159,4,12.56,43.19
2025-02-01 23:52:09,2025-02-02 00:15:09,-73.894814,40.863613,-73.960928,40.710001,1,7.55,31.84
2025-02-01 01:19:23,2025-02-01 01:47:23,-73.879292,40.814246,-74.047412,40.805032,1,13.54,31.68
2025-02-05 02:12:44,2025-02-05 02:53:44,-73.786494,40.871889,-73.777301,40.65221,3,6.61,20.45
2025-02-24 12:15:01,2025-02-24 12:24:01,-73.873374,40.891302,-73.752595,40.869899,1,16.21,50.37
2025-02-14 04:59:12,2025-02-14 05:07:12,-73.91468,40.883766,-73.79668,40.756389,4,2.04,9.2
2025-02-15 17:06:23,2025-02-15 17:27:23,-73.882293,40.87892,-73.816011,40.636137,2,10.63,34.7
2025-02-24 14:15:22,2025-02-24 15:11:22,-73.835767,40.839485,-73.911177,40.692594,4,5.92,24.12
2025-02-17 21:39:29,2025-02-17 22:03:29,-73.766477,40.744117,-74.012015,40.709998,2,9.48,38.35
2025-02-18 18:01:39,2025-02-18 18:20:39,-73.982237,40.805552,-73.782417,40.788394,1,14.27,37.26
2025-02-21 12:11:29,2025-02-21 12:41:29,-73.867903,40.61674,-73.897153,40.752654,1,15.73,53.77
2025-02-09 12:52:48,2025-02-09 13:42:48,-73.823676,40.85369,-73.972801,40.773317,4,3.26,10.01
2025-02-09 20:21:12,2025-02-09 20:57:12,-73.867281,40.869273,-73.949959,40.696148,4,18.2,71.87
2025-02-04 16:34:24,2025-02-04 17:05:24,-73.880079,40.719974,-73.999523,40.747473,1,1.99,8.53
2025-02-17 06:47:14,2025-02-17 07:33:14,-74.039494,40.635468,-73.799069,40.723305,1,4.97,21.13
2025-02-22 23:15:57,2025-02-23 00:12:57,-74.047074,40.72174,-73.832699,40.741923,3,11.63,31.22
2025-02-09 03:25:21,2025-02-09 04:07:21,-73.971779,40.688326,-73.812867,40.762577,1,15.3,35.29
2025-02-01 23:59:23,2025-02-02 00:40:23,-74.03413,40.778821,-73.918993,40.625801,2,18.37,55.49
2025-02-12 17:11:49,2025-02-12 17:42:49,-73.999302,40.812724,-73.801985,40.885951,2,13.11,48.09
2025-02-14 21:16:23,2025-02-14 21:38:23,-73.994468,40.798125,-73.823732,40.737277,2,11.49,40.52
2025-02-24 23:15:37,2025-02-24 23:35:37,-73.891678,40.804025,-73.964786,40.734696,1,14.34,36.43
2025-02-19 17:29:36,2025-02-19 18:16:36,-74.014316,40.701237,-73.819306,40.616497,1,8.8,37.15
2025-02-17 05:34:19,2025-02-17 05:55:19,-74.040068,40.812232,-73.833168,40.626215,2,17.56,72.7
2025-02-07 15:17:52,2025-02-07 16:07:52,-73.885263,40.658166,-73.855679,40.768832,4,11.74,29.79
2025-02-11 12:51:32,2025-02-11 13:12:32,-73.954506,40.803103,-73.866191,40.89363,1,4.37,12.71
2025-02-06 05:13:59,2025-02-06 05:26:59,-73.811428,40.616879,-73.874153,40.89852,4,7.92,22.89
2025-02-16 17:54:52,2025-02-16 18:36:52,-73.888123,40.759945,-73.993662,40.833138,3,11.88,26.69
2025-02-16 17:11:26,2025-02-16 17:59:26,-73.920559,40.772502,-73.838738,40.628891,4,15.55,52.37
2025-02-23 04:19:54,2025-02-23 04:49:54,-73.993451,40.839708,-73.953683,40.660682,1,9.9,30.92
2025-02-21 01:59:26,2025-02-21 02:22:26,-74.032724,40.825076,-74.045012,40.734598,4,6.89,22.15
2025-02-13 00:51:16,2025-02-13 01:14:16,-73.816446,40.831699,-73.885127,40.852382,2,7.6,25.31
2025-02-19 11:45:10,2025-02-19 12:02:10,-73.926115,40.771765,-73.801312,40.767998,1,3.57,10.67
2025-02-28 01:23:38,2025-02-28 01:31:38,-73.779052,40.779708,-73.754853,40.807013,2,3.5,13.55
2025-02-17 02:01:34,2025-02-17 02:46:34,-73.823688,40.857598,-73.905262,40.627054,1,5.78,14.61
2025-02-23 14:32:09,2025-02-23 15:22:09,-73.814431,40.854,-74.043129,40.755774,2,11.98,36.51
2025-02-27 01:36:25,2025-02-27 02:14:25,-73.977743,40.790985,-73.988954,40.890834,1,11.69,32.68
2025-02-14 02:59:38,2025-02-14 03:09:38,-74.045543,40.681227,-73.841089,40.871141,1,16.94,58.57
2025-02-19 10:26:42,2025-02-19 10:55:42,-74.001822,40.626734,-73.896159,40.827133,2,16.46,60.08
2025-02-19 19:55:08,2025-02-19 20:03:08,-73.898468,40.876152,-73.809275,40.695248,3,13.87,36.55
2025-02-08 06:36:23,2025-02-08 07:04:23,-73.952335,40.849244,-73.808226,40.833374,2,8.13,20.91
2025-02-20 11:29:02,2025-02-20 11:57:02,-73.911823,40.826157,-73.915938,40.608336,3,7.59,23.21
2025-02-07 05:59:07,2025-02-07 06:04:07,-73.857533,40.802972,-74.038457,40.752208,2,19.37,67.83
2025-02-16 00:46:48,2025-02-16 00:52:48,-73.752417,40.693536,-73.833852,40.849228,4,13.25,34.76
2025-02-12 04:38:25,2025-02-12 05:06:25,-73.78089,40.884606,-74.036592,40.615535,3,9.84,34.39
2025-02-13 19:38:08,2025-02-13 20:24:08,-73.995925,40.738023,-74.01334,40.647721,1,13.05,42.67
2025-02-25 11:00:38,2025-02-25 11:56:38,-73.753067,40.774001,-73.810395,40.782242,4,9.09,27.49
2025-02-25 02:15:57,2025-02-25 03:13:57,-73.932342,40.719512,-73.76933,40.613756,3,4.23,11.69
2025-02-15 23:24:56,2025-02-16 00:19:56,-73.808755,40.620518,-74.00303,40.855534,4,5.45,13.43
2025-02-27 04:25:03,2025-02-27 05:14:03,-73.840914,40.823091,-74.043931,40.764795,1,10.31,32.58
2025-02-06 07:33:29,2025-02-06 08:12:29,-73.803603,40.663759,-73.94865,40.729122,4,3.28,11.61
2025-02-22 08:01:47,2025-02-22 08:57:47,-73.821868,40.756223,-73.949361,40.658141,4,9.44,39.84
2025-02-13 16:30:21,2025-02-13 17:25:21,-73.75624,40.631628,-73.79628,40.799471,3,9.63,35.34
